2026.03.20 19:17:38,672	INFO	3	org.l2jmobius.commons.util.IXmlReader	Network Config: ipconfig.xml does not exist, using automatic configuration...
2026.03.20 19:17:38,968	INFO	3	org.l2jmobius.commons.util.IXmlReader	Network Config: Adding new subnet: 127.0.0.0/8 address: 127.0.0.1
2026.03.20 19:17:38,970	INFO	3	org.l2jmobius.commons.util.IXmlReader	Network Config: Adding new subnet: 192.168.31.0/24 address: 192.168.31.118
2026.03.20 19:17:38,971	INFO	3	org.l2jmobius.commons.util.IXmlReader	Network Config: Adding new subnet: 0.0.0.0/0 address: 31.42.65.165
2026.03.20 19:17:38,974	INFO	3	org.l2jmobius.gameserver.config.ServerConfig	Loaded 6 Filter Words.
2026.03.20 19:17:39,012	INFO	3	org.l2jmobius.gameserver.GameServer	------------------------------------------------=[ Database ]
2026.03.20 19:17:39,240	INFO	3	org.l2jmobius.commons.database.DatabaseFactory	Database: HikariCP pool initialized successfully.
2026.03.20 19:17:39,365	INFO	3	org.l2jmobius.commons.database.DatabaseFactory	Database: Initialized with a valid connection.
2026.03.20 19:17:39,372	INFO	3	org.l2jmobius.gameserver.GameServer	----------------------------------------------=[ ThreadPool ]
2026.03.20 19:17:39,373	INFO	3	org.l2jmobius.commons.threads.ThreadPool	ThreadPool: Initializing.
2026.03.20 19:17:39,374	INFO	3	org.l2jmobius.commons.threads.ThreadPool	...scheduled pool executor with 16 high priority threads.
2026.03.20 19:17:39,381	INFO	3	org.l2jmobius.commons.threads.ThreadPool	...scheduled pool executor with 64 total threads.
2026.03.20 19:17:39,381	INFO	3	org.l2jmobius.commons.threads.ThreadPool	...instant pool executor with 32 total threads.
2026.03.20 19:17:39,382	INFO	3	org.l2jmobius.gameserver.GameServer	-----------------------------------------------=[ IdManager ]
2026.03.20 19:17:39,478	INFO	3	org.l2jmobius.gameserver.managers.DatabaseIdManager	DatabaseIdManager: Cleaned 0 elements in 0 seconds.
2026.03.20 19:17:39,482	INFO	3	org.l2jmobius.gameserver.managers.DatabaseIdManager	DatabaseIdManager: Updated character online status.
2026.03.20 19:17:39,488	INFO	3	org.l2jmobius.gameserver.managers.DatabaseIdManager	DatabaseIdManager: Cleaned 0 expired timestamps.
2026.03.20 19:17:39,508	INFO	3	org.l2jmobius.gameserver.managers.IdManager	IdManager: 102912 ids available.
2026.03.20 19:17:39,509	INFO	3	org.l2jmobius.gameserver.GameServer	----------------------------------------=[ Scripting Engine ]
2026.03.20 19:17:39,648	INFO	3	org.l2jmobius.gameserver.scripting.ScriptEngine	Loaded 419 files to exclude.
2026.03.20 19:17:39,648	INFO	3	org.l2jmobius.gameserver.GameServer	---------------------------------------------------=[ World ]
2026.03.20 19:17:39,650	INFO	3	org.l2jmobius.commons.util.IXmlReader	InstanceManager: Multiverse Instance created.
2026.03.20 19:17:39,650	INFO	3	org.l2jmobius.commons.util.IXmlReader	InstanceManager: Universe Instance created.
2026.03.20 19:17:39,662	INFO	3	org.l2jmobius.commons.util.IXmlReader	InstanceManager: Loaded 160 instance names.
2026.03.20 19:17:39,962	INFO	3	org.l2jmobius.commons.util.IXmlReader	InstanceManager: Loaded 142 instance templates.
2026.03.20 19:17:40,017	INFO	3	org.l2jmobius.commons.util.IXmlReader	MapRegionManager: Loaded 57 map regions.
2026.03.20 19:17:40,027	INFO	3	org.l2jmobius.gameserver.managers.GlobalVariablesManager	GlobalVariablesManager: Loaded 16 variables.
2026.03.20 19:17:40,028	INFO	3	org.l2jmobius.gameserver.GameServer	----------------------------------------------------=[ Data ]
2026.03.20 19:17:40,046	INFO	3	org.l2jmobius.gameserver.data.xml.CategoryData	CategoryData: Loaded 180 categories.
2026.03.20 19:17:40,056	INFO	3	org.l2jmobius.commons.util.IXmlReader	SecondaryAuthData: Loaded 328 forbidden passwords.
2026.03.20 19:17:40,056	INFO	3	org.l2jmobius.gameserver.GameServer	--------------------------------------------------=[ Skills ]
2026.03.20 19:17:40,504	INFO	3	handlers.EffectMasterHandler	EffectMasterHandler: Loaded 165 effect handlers.
2026.03.20 19:17:40,518	INFO	3	org.l2jmobius.commons.util.IXmlReader	EnchantSkillGroupsData: Loaded 4 groups and 90 routes.
2026.03.20 19:17:40,866	INFO	3	org.l2jmobius.commons.util.IXmlReader	SkillTreeData: Loaded 17176 Class Skills for 103 class skill trees.
2026.03.20 19:17:40,867	INFO	3	org.l2jmobius.commons.util.IXmlReader	SkillTreeData: Loaded 76 sub-class skills.
2026.03.20 19:17:40,867	INFO	3	org.l2jmobius.commons.util.IXmlReader	SkillTreeData: Loaded 77 transfer skills for 3 transfer skill trees.
2026.03.20 19:17:40,867	INFO	3	org.l2jmobius.commons.util.IXmlReader	SkillTreeData: Loaded 117 fishing skills, 8 Dwarven only fishing skills.
2026.03.20 19:17:40,867	INFO	3	org.l2jmobius.commons.util.IXmlReader	SkillTreeData: Loaded 3 collect skills.
2026.03.20 19:17:40,868	INFO	3	org.l2jmobius.commons.util.IXmlReader	SkillTreeData: Loaded 94 clan skills, 64 for clan and 30 residential.
2026.03.20 19:17:40,869	INFO	3	org.l2jmobius.commons.util.IXmlReader	SkillTreeData: Loaded 18 sub-pledge skills.
2026.03.20 19:17:40,870	INFO	3	org.l2jmobius.commons.util.IXmlReader	SkillTreeData: Loaded 32 transform skills.
2026.03.20 19:17:40,870	INFO	3	org.l2jmobius.commons.util.IXmlReader	SkillTreeData: Loaded 8 noble skills.
2026.03.20 19:17:40,870	INFO	3	org.l2jmobius.commons.util.IXmlReader	SkillTreeData: Loaded 5 hero skills.
2026.03.20 19:17:40,870	INFO	3	org.l2jmobius.commons.util.IXmlReader	SkillTreeData: Loaded 46 game master skills.
2026.03.20 19:17:40,870	INFO	3	org.l2jmobius.commons.util.IXmlReader	SkillTreeData: Loaded 46 game master aura skills.
2026.03.20 19:17:43,601	INFO	3	org.l2jmobius.gameserver.data.xml.SkillData	SkillData: Loaded 65965 Skill templates from XML files.
2026.03.20 19:17:43,638	INFO	3	org.l2jmobius.gameserver.data.xml.PetSkillData	PetSkillData: Loaded 881 skills.
2026.03.20 19:17:43,638	INFO	3	org.l2jmobius.gameserver.GameServer	---------------------------------------------------=[ Items ]
2026.03.20 19:17:44,155	INFO	3	org.l2jmobius.gameserver.data.xml.ItemData	ItemData: Highest item id used: 50000
2026.03.20 19:17:44,160	INFO	3	org.l2jmobius.gameserver.data.xml.ItemData	ItemData: Loaded 11482 etc items.
2026.03.20 19:17:44,160	INFO	3	org.l2jmobius.gameserver.data.xml.ItemData	ItemData: Loaded 3825 armor items.
2026.03.20 19:17:44,160	INFO	3	org.l2jmobius.gameserver.data.xml.ItemData	ItemData: Loaded 3893 weapon items.
2026.03.20 19:17:44,160	INFO	3	org.l2jmobius.gameserver.data.xml.ItemData	ItemData: Loaded 19200 items in total.
2026.03.20 19:17:44,164	INFO	3	org.l2jmobius.commons.util.IXmlReader	EnchantItemGroupsData: Loaded 4 item group templates.
2026.03.20 19:17:44,165	INFO	3	org.l2jmobius.commons.util.IXmlReader	EnchantItemGroupsData: Loaded 1 scroll group templates.
2026.03.20 19:17:44,165	INFO	3	org.l2jmobius.commons.util.IXmlReader	EnchantItemGroupsData: Max weapon enchant is set to 16.
2026.03.20 19:17:44,165	INFO	3	org.l2jmobius.commons.util.IXmlReader	EnchantItemGroupsData: Max armor enchant is set to 16.
2026.03.20 19:17:44,165	INFO	3	org.l2jmobius.commons.util.IXmlReader	EnchantItemGroupsData: Max accessory enchant is set to 16.
2026.03.20 19:17:44,168	INFO	3	org.l2jmobius.commons.util.IXmlReader	EnchantItemData: Loaded 63 enchant scrolls.
2026.03.20 19:17:44,169	INFO	3	org.l2jmobius.commons.util.IXmlReader	EnchantItemData: Loaded 20 support items.
2026.03.20 19:17:44,564	INFO	3	org.l2jmobius.gameserver.data.xml.OptionData	OptionData: Loaded 24985 options.
2026.03.20 19:17:44,572	INFO	3	org.l2jmobius.commons.util.IXmlReader	EnchantItemOptionsData: Loaded 23 items and 1093 options.
2026.03.20 19:17:44,575	INFO	3	org.l2jmobius.commons.util.IXmlReader	ElementalAttributeData: Loaded 30 elemental attribute items.
2026.03.20 19:17:44,583	INFO	3	org.l2jmobius.commons.util.IXmlReader	EnchantItemHPBonusData: Loaded 6 enchant HP bonuses.
2026.03.20 19:17:44,586	INFO	3	org.l2jmobius.gameserver.data.MerchantPriceConfigTable	MerchantPriceConfigTable: Loaded 28 merchant price configs.
2026.03.20 19:17:45,031	WARNING	3	org.l2jmobius.commons.util.IXmlReader	Directory not found: D:\My_projects\Lineage\L2J_Mobius\L2J_Mobius_CT_2.6_HighFive\dist\game\.\data\buylists\custom
2026.03.20 19:17:45,032	INFO	3	org.l2jmobius.gameserver.data.xml.BuyListData	BuyListData: Loaded 760 buyLists.
2026.03.20 19:17:45,256	INFO	3	org.l2jmobius.commons.util.IXmlReader	MultisellData: Loaded 204 multisell lists.
2026.03.20 19:17:45,291	INFO	3	org.l2jmobius.commons.util.IXmlReader	RecipeData: Loaded 1000 recipes.
2026.03.20 19:17:45,317	INFO	3	org.l2jmobius.commons.util.IXmlReader	ArmorSetData: Loaded 204 armor sets.
2026.03.20 19:17:45,324	INFO	3	org.l2jmobius.commons.util.IXmlReader	FishData: Loaded 278 fishes.
2026.03.20 19:17:45,326	INFO	3	org.l2jmobius.commons.util.IXmlReader	FishingMonstersData: Loaded 8 fishing monsters.
2026.03.20 19:17:45,329	INFO	3	org.l2jmobius.commons.util.IXmlReader	FishingRodsData: Loaded 6 fishing rods.
2026.03.20 19:17:45,344	INFO	3	org.l2jmobius.commons.util.IXmlReader	HennaData: Loaded 180 henna data.
2026.03.20 19:17:45,346	INFO	3	org.l2jmobius.gameserver.GameServer	----------------------------------------------=[ Characters ]
2026.03.20 19:17:45,349	INFO	3	org.l2jmobius.gameserver.data.xml.ClassListData	ClassListData: Loaded 103 class data.
2026.03.20 19:17:45,354	INFO	3	org.l2jmobius.gameserver.data.xml.InitialEquipmentData	InitialEquipmentData: Loaded 11 initial equipment data.
2026.03.20 19:17:45,357	INFO	3	org.l2jmobius.gameserver.data.xml.InitialShortcutData	InitialShortcutData: Loaded 5 initial global shortcut data.
2026.03.20 19:17:45,358	INFO	3	org.l2jmobius.gameserver.data.xml.InitialShortcutData	InitialShortcutData: Loaded 4 initial shortcut data.
2026.03.20 19:17:45,358	INFO	3	org.l2jmobius.gameserver.data.xml.InitialShortcutData	InitialShortcutData: Loaded 0 macro presets.
2026.03.20 19:17:45,360	INFO	3	org.l2jmobius.gameserver.data.xml.ExperienceData	ExperienceData: Loaded 86 levels.
2026.03.20 19:17:45,360	INFO	3	org.l2jmobius.gameserver.data.xml.ExperienceData	ExperienceData: Max Player Level is 85.
2026.03.20 19:17:45,360	INFO	3	org.l2jmobius.gameserver.data.xml.ExperienceData	ExperienceData: Max Pet Level is 85.
2026.03.20 19:17:45,362	INFO	3	org.l2jmobius.gameserver.data.xml.ExperienceLossData	ExperienceLossData: Loaded 85 levels.
2026.03.20 19:17:45,365	INFO	3	org.l2jmobius.gameserver.data.xml.KarmaLossData	KarmaLossData: Loaded 85 modifiers.
2026.03.20 19:17:45,366	INFO	3	org.l2jmobius.commons.util.IXmlReader	HitConditionBonusData: Loaded hit condition bonuses.
2026.03.20 19:17:45,559	INFO	3	org.l2jmobius.gameserver.data.xml.PlayerTemplateData	PlayerTemplateData: Loaded 103 player templates.
2026.03.20 19:17:45,560	INFO	3	org.l2jmobius.gameserver.data.xml.PlayerTemplateData	PlayerTemplateData: Loaded 52530 level up gain records.
2026.03.20 19:17:45,562	INFO	3	org.l2jmobius.gameserver.data.sql.CharInfoTable	CharInfoTable: Loaded 2 char names.
2026.03.20 19:17:45,565	INFO	3	org.l2jmobius.gameserver.data.xml.AdminData	AdminData: Loaded 10 access levels.
2026.03.20 19:17:45,569	INFO	3	org.l2jmobius.gameserver.data.xml.AdminData	AdminData: Loaded 472 access commands.
2026.03.20 19:17:45,571	INFO	3	org.l2jmobius.gameserver.managers.RaidBossPointsManager	RaidBossPointsManager: Loaded 0 Characters Raid Points.
2026.03.20 19:17:45,784	INFO	3	org.l2jmobius.commons.util.IXmlReader	PetDataTable: Loaded 49 pets.
2026.03.20 19:17:45,792	INFO	3	org.l2jmobius.gameserver.GameServer	---------------------------------------------------=[ Clans ]
2026.03.20 19:17:45,807	INFO	3	org.l2jmobius.gameserver.communitybbs.Manager.ForumsBBSManager	ForumsBBSManager: Loaded 4 forums. Last forum id used: 4
2026.03.20 19:17:45,808	INFO	3	org.l2jmobius.gameserver.data.sql.ClanTable	ClanTable: Restored 0 clans from the database.
2026.03.20 19:17:45,815	INFO	3	org.l2jmobius.gameserver.managers.CHSiegeManager	CHSiegeManager: Loaded 6 conquerable clan halls.
2026.03.20 19:17:45,873	INFO	3	org.l2jmobius.gameserver.managers.ClanHallAuctionManager	ClanHallAuctionManager: Loaded 38 auction(s)
2026.03.20 19:17:45,874	INFO	3	org.l2jmobius.gameserver.data.sql.ClanHallTable	ClanHallTable: Loaded 0 clan halls
2026.03.20 19:17:45,874	INFO	3	org.l2jmobius.gameserver.data.sql.ClanHallTable	ClanHallTable: Loaded 38 free clan halls
2026.03.20 19:17:45,874	INFO	3	org.l2jmobius.gameserver.GameServer	-------------------------------------------------=[ Geodata ]
2026.03.20 19:17:45,890	INFO	3	org.l2jmobius.gameserver.geoengine.GeoEngine	GeoEngine: Loaded 0 regions.
2026.03.20 19:17:45,891	INFO	3	org.l2jmobius.gameserver.geoengine.GeoEngine	GeoEngine: Pathfinding is disabled.
2026.03.20 19:17:45,891	INFO	3	org.l2jmobius.gameserver.GameServer	----------------------------------------------------=[ NPCs ]
2026.03.20 19:17:45,914	INFO	3	org.l2jmobius.gameserver.managers.ZoneManager	ZoneManager 17 by 18 Zone Region Grid set up.
2026.03.20 19:17:47,141	INFO	3	org.l2jmobius.commons.util.IXmlReader	NpcData: Loaded 10461 NPCs.
2026.03.20 19:17:47,158	INFO	3	org.l2jmobius.commons.util.IXmlReader	NpcData: Loaded 19 custom NPCs.
2026.03.20 19:17:47,162	INFO	3	org.l2jmobius.commons.util.IXmlReader	SkillLearnData: Loaded 256 skill learn data.
2026.03.20 19:17:47,166	INFO	3	org.l2jmobius.gameserver.managers.GrandBossManager	GrandBossManager: Gigantic Chaos Golem(25512) status is 0.
2026.03.20 19:17:47,166	INFO	3	org.l2jmobius.gameserver.managers.GrandBossManager	GrandBossManager: Queen Ant(29001) status is 0.
2026.03.20 19:17:47,166	INFO	3	org.l2jmobius.gameserver.managers.GrandBossManager	GrandBossManager: Core(29006) status is 0.
2026.03.20 19:17:47,166	INFO	3	org.l2jmobius.gameserver.managers.GrandBossManager	GrandBossManager: Orfen(29014) status is 0.
2026.03.20 19:17:47,166	INFO	3	org.l2jmobius.gameserver.managers.GrandBossManager	GrandBossManager: Baium(29020) status is 0.
2026.03.20 19:17:47,166	INFO	3	org.l2jmobius.gameserver.managers.GrandBossManager	GrandBossManager: Valakas(29028) status is 0.
2026.03.20 19:17:47,166	INFO	3	org.l2jmobius.gameserver.managers.GrandBossManager	GrandBossManager: Antharas(29068) status is 0.
2026.03.20 19:17:47,168	INFO	3	org.l2jmobius.gameserver.managers.GrandBossManager	GrandBossManager: Beleth(29118) status is 0.
2026.03.20 19:17:47,168	INFO	3	org.l2jmobius.gameserver.managers.GrandBossManager	GrandBossManager: Loaded 8 Instances
2026.03.20 19:17:47,260	INFO	3	org.l2jmobius.gameserver.managers.ZoneManager	ZoneManager: Loaded 31 zone classes and 2860 zones.
2026.03.20 19:17:47,264	INFO	3	org.l2jmobius.gameserver.managers.ZoneManager	ZoneManager: Last static id 200224.
2026.03.20 19:17:47,314	INFO	3	org.l2jmobius.commons.util.IXmlReader	DoorData: Loaded 1301 doors.
2026.03.20 19:17:47,319	INFO	3	FenceData	FenceData: Loaded 1 fences.
2026.03.20 19:17:47,333	INFO	3	org.l2jmobius.gameserver.data.xml.LevelUpCrystalData	Soul crystal data : Loaded 54
2026.03.20 19:17:47,334	INFO	3	org.l2jmobius.gameserver.data.xml.LevelUpCrystalData	Npc leveling crystal data : Loaded 240
2026.03.20 19:17:47,809	INFO	3	org.l2jmobius.gameserver.managers.WalkingManager	WalkingManager: Loaded 123 walking routes.
2026.03.20 19:17:47,815	INFO	3	org.l2jmobius.commons.util.IXmlReader	StaticObjectData: Loaded 51 static object templates.
2026.03.20 19:17:47,833	INFO	3	org.l2jmobius.gameserver.model.itemauction.ItemAuctionInstance	ItemAuctionInstance: Loaded 82 item(s) and registered 1 auction(s) for instance 32320.
2026.03.20 19:17:47,838	INFO	3	org.l2jmobius.gameserver.model.itemauction.ItemAuctionInstance	ItemAuctionInstance: Schedule current auction 1 for instance 32320
2026.03.20 19:17:47,839	INFO	80	org.l2jmobius.gameserver.model.itemauction.ItemAuctionInstance	ScheduleAuctionTask: Auction 1 has started for instance 32320
2026.03.20 19:17:47,840	INFO	3	org.l2jmobius.gameserver.model.itemauction.ItemAuctionInstance	ItemAuctionInstance: Loaded 82 item(s) and registered 1 auction(s) for instance 32321.
2026.03.20 19:17:47,842	INFO	80	org.l2jmobius.gameserver.model.itemauction.ItemAuctionInstance	ItemAuctionInstance: Schedule current auction 1 for instance 32320
2026.03.20 19:17:47,843	INFO	3	org.l2jmobius.gameserver.model.itemauction.ItemAuctionInstance	ItemAuctionInstance: Schedule next auction 2 on 17:00:00 23.03.26 for instance 32321
2026.03.20 19:17:47,845	INFO	3	org.l2jmobius.gameserver.model.itemauction.ItemAuctionInstance	ItemAuctionInstance: Loaded 82 item(s) and registered 1 auction(s) for instance 32322.
2026.03.20 19:17:47,845	INFO	3	org.l2jmobius.gameserver.model.itemauction.ItemAuctionInstance	ItemAuctionInstance: Schedule next auction 3 on 17:00:00 25.03.26 for instance 32322
2026.03.20 19:17:47,845	INFO	3	org.l2jmobius.gameserver.managers.ItemAuctionManager	ItemAuctionManager: Loaded 3 instance(s).
2026.03.20 19:17:47,859	INFO	3	org.l2jmobius.gameserver.managers.CastleManager	CastleManager: Loaded 9 castles
2026.03.20 19:17:47,866	INFO	3	org.l2jmobius.gameserver.data.SchemeBufferTable	SchemeBufferTable: Loaded 0 players schemes and 60 available buffs.
2026.03.20 19:17:47,868	INFO	3	org.l2jmobius.gameserver.managers.GrandBossManager	GrandBossManager: Initialized 8 Grand Boss Zones
2026.03.20 19:17:47,868	INFO	3	org.l2jmobius.gameserver.GameServer	------------------------------------------------=[ Olympiad ]
2026.03.20 19:17:47,886	INFO	3	org.l2jmobius.gameserver.model.olympiad.Olympiad	Olympiad System: Loading....
2026.03.20 19:17:47,886	INFO	3	org.l2jmobius.gameserver.model.olympiad.Olympiad	Olympiad System: Currently in Olympiad Period
2026.03.20 19:17:47,886	INFO	3	org.l2jmobius.gameserver.model.olympiad.Olympiad	Olympiad System: 11 days, 15 hours and 42 mins until period ends.
2026.03.20 19:17:47,886	INFO	3	org.l2jmobius.gameserver.model.olympiad.Olympiad	Olympiad System: Next weekly change is in 4 days, 21 hours and 39 mins.
2026.03.20 19:17:47,886	INFO	3	org.l2jmobius.gameserver.model.olympiad.Olympiad	Olympiad System: Loaded 0 Nobles
2026.03.20 19:17:47,888	INFO	3	org.l2jmobius.gameserver.model.olympiad.Olympiad	Olympiad System: Competition Period Starts in 0 days, 0 hours and 0 mins.
2026.03.20 19:17:47,895	INFO	3	org.l2jmobius.gameserver.model.olympiad.Olympiad	Olympiad System: Event starts/started: Fri Mar 20 18:00:47 EET 2026
2026.03.20 19:17:47,899	INFO	3	org.l2jmobius.gameserver.model.olympiad.Hero	Hero System: Loaded 0 Heroes.
2026.03.20 19:17:47,899	INFO	3	org.l2jmobius.gameserver.model.olympiad.Hero	Hero System: Loaded 0 all time Heroes.
2026.03.20 19:17:47,899	INFO	3	org.l2jmobius.gameserver.GameServer	---------------------------------------------=[ Seven Signs ]
2026.03.20 19:17:47,903	INFO	3	org.l2jmobius.gameserver.model.sevensigns.SevenSigns	SevenSigns: Currently in the Competition (Quest Event) period!
2026.03.20 19:17:47,903	INFO	3	org.l2jmobius.gameserver.model.sevensigns.SevenSigns	SevenSigns: The Seal of Avarice remains unclaimed.
2026.03.20 19:17:47,904	INFO	3	org.l2jmobius.gameserver.model.sevensigns.SevenSigns	SevenSigns: The Seal of Gnosis remains unclaimed.
2026.03.20 19:17:47,904	INFO	3	org.l2jmobius.gameserver.model.sevensigns.SevenSigns	SevenSigns: The Seal of Strife remains unclaimed.
2026.03.20 19:17:47,904	INFO	3	org.l2jmobius.gameserver.model.sevensigns.SevenSigns	SevenSigns: The competition, if the current trend continues, will end in a tie this week.
2026.03.20 19:17:47,904	INFO	3	org.l2jmobius.gameserver.model.sevensigns.SevenSigns	SevenSigns: Next period change set to Mon Mar 23 18:00:47 EET 2026
2026.03.20 19:17:47,904	INFO	3	org.l2jmobius.gameserver.model.sevensigns.SevenSigns	SevenSigns: Next period begins in 2 days, 22 hours, 42 minutes, 59 seconds, 996 milliseconds
2026.03.20 19:17:47,905	INFO	3	org.l2jmobius.gameserver.GameServer	---------------------------------------------------=[ Cache ]
2026.03.20 19:17:47,905	INFO	3	org.l2jmobius.gameserver.cache.HtmCache	Cache[HTML]: Running lazy cache.
2026.03.20 19:17:47,908	INFO	3	org.l2jmobius.gameserver.data.sql.CrestTable	CrestTable: Loaded 0 Crests.
2026.03.20 19:17:48,058	INFO	79	org.l2jmobius.gameserver.model.olympiad.Olympiad	Olympiad System: Olympiad Games have started.
2026.03.20 19:17:48,077	INFO	3	org.l2jmobius.gameserver.data.xml.TeleporterData	TeleporterData: Loaded 194 npc teleporters.
2026.03.20 19:17:48,081	INFO	3	org.l2jmobius.gameserver.data.xml.UIData	UIData: Loaded 4 keys 5 categories.
2026.03.20 19:17:48,131	INFO	3	org.l2jmobius.gameserver.data.AugmentationData	AugmentationData: Loaded 33960 augmentations.
2026.03.20 19:17:48,131	INFO	3	org.l2jmobius.gameserver.data.AugmentationData	AugmentationData: Loaded 2754 accessory augmentations.
2026.03.20 19:17:48,136	INFO	3	org.l2jmobius.gameserver.managers.CursedWeaponsManager	CursedWeaponsManager: Loaded : 2 cursed weapon(s).
2026.03.20 19:17:48,183	INFO	79	org.l2jmobius.gameserver.model.olympiad.OlympiadGameManager	Olympiad System: Loaded 160 stadiums.
2026.03.20 19:17:48,381	INFO	3	org.l2jmobius.commons.util.IXmlReader	TransformData: Loaded 111 transform templates.
2026.03.20 19:17:48,387	INFO	3	org.l2jmobius.gameserver.data.BotReportTable	BotReportTable: Loaded 0 bot reports
2026.03.20 19:17:48,388	INFO	3	org.l2jmobius.gameserver.GameServer	-------------------------------------------------=[ Scripts ]
2026.03.20 19:17:48,395	INFO	3	org.l2jmobius.gameserver.managers.AirShipManager	AirShipManager: Loaded 0 private airships
2026.03.20 19:17:48,396	INFO	3	org.l2jmobius.gameserver.managers.SeedOfDestructionManager	Seed of Destruction Manager: Loaded. Current stage is: 1
2026.03.20 19:17:48,397	INFO	3	org.l2jmobius.gameserver.managers.SeedOfInfinityManager	Seed of Infinity Manager: Loaded. Current stage is: 1
2026.03.20 19:17:48,397	INFO	3	org.l2jmobius.gameserver.GameServer	Loading server scripts...
2026.03.20 19:17:48,659	INFO	3	handlers.MasterHandler	Loading Handlers...
2026.03.20 19:17:48,729	INFO	3	handlers.MasterHandler	ActionHandler: Loaded 10 handlers.
2026.03.20 19:17:48,729	INFO	3	handlers.MasterHandler	ActionShiftHandler: Loaded 6 handlers.
2026.03.20 19:17:48,729	INFO	3	handlers.MasterHandler	AdminCommandHandler: Loaded 481 handlers.
2026.03.20 19:17:48,729	INFO	3	handlers.MasterHandler	BypassHandler: Loaded 47 handlers.
2026.03.20 19:17:48,729	INFO	3	handlers.MasterHandler	ChatHandler: Loaded 14 handlers.
2026.03.20 19:17:48,729	INFO	3	handlers.MasterHandler	CommunityBoardHandler: Loaded 24 handlers.
2026.03.20 19:17:48,729	INFO	3	handlers.MasterHandler	ItemHandler: Loaded 30 handlers.
2026.03.20 19:17:48,729	INFO	3	handlers.MasterHandler	PunishmentHandler: Loaded 3 handlers.
2026.03.20 19:17:48,729	INFO	3	handlers.MasterHandler	UserCommandHandler: Loaded 17 handlers.
2026.03.20 19:17:48,729	INFO	3	handlers.MasterHandler	VoicedCommandHandler: Loaded 7 handlers.
2026.03.20 19:17:48,729	INFO	3	handlers.MasterHandler	TargetHandler: Loaded 34 handlers.
2026.03.20 19:17:48,729	INFO	3	handlers.MasterHandler	Handlers Loaded...
2026.03.20 19:18:00,623	INFO	3	org.l2jmobius.gameserver.model.script.Quest	Handy's Block Checker Event is enabled
2026.03.20 19:18:00,644	INFO	3	org.l2jmobius.gameserver.model.script.Quest	Fantasy Isle: Parade starting at 2026/03/20 21:20 and is scheduled each next 1 hours.
2026.03.20 19:18:00,644	INFO	3	org.l2jmobius.gameserver.model.script.Quest	Fantasy Isle: MC show script starting at 20/03/2026 21:00:00 and is scheduled each next 4 hours.
2026.03.20 19:18:00,696	INFO	3	ai.areas.Gracia.GraciaLoader	GraciaLoader: Loading Gracia related scripts.
2026.03.20 19:18:00,759	INFO	3	ai.areas.Hellbound.HellboundLoader	HellboundLoader: Loading Hellbound related scripts:
2026.03.20 19:18:00,766	INFO	3	org.l2jmobius.commons.util.IXmlReader	HellboundPointData: Loaded 47 trust point reward data.
2026.03.20 19:18:00,775	INFO	3	org.l2jmobius.commons.util.IXmlReader	HellboundSpawns: Loaded 598 Hellbound spawns.
2026.03.20 19:18:00,775	INFO	3	org.l2jmobius.gameserver.model.script.Quest	HellboundEngine: Level: 11
2026.03.20 19:18:00,775	INFO	3	org.l2jmobius.gameserver.model.script.Quest	HellboundEngine: Trust: 4000000
2026.03.20 19:18:00,775	INFO	3	org.l2jmobius.gameserver.model.script.Quest	HellboundEngine: Status: unlocked.
2026.03.20 19:18:00,854	INFO	3	org.l2jmobius.gameserver.managers.RaidBossSpawnManager	RaidBossSpawnManager: Loaded 187 Instances
2026.03.20 19:18:00,854	INFO	3	org.l2jmobius.gameserver.managers.RaidBossSpawnManager	RaidBossSpawnManager: Scheduled 0 Instances
2026.03.20 19:18:00,886	INFO	3	ai.areas.ImperialTomb.FourSepulchers.FourSepulchers	[Four Sepulchers] Loaded 762 spawn zones data.
2026.03.20 19:18:00,998	INFO	3	org.l2jmobius.commons.util.IXmlReader	NpcBuffersData: Loaded 33 buffers data.
2026.03.20 19:18:01,052	CONFIG	3	conquerablehalls.BanditStronghold.BanditStronghold	Bandit StrongHold siege scheduled for Wed Apr 01 12:00:00 EEST 2026.
2026.03.20 19:18:01,059	CONFIG	3	conquerablehalls.DevastatedCastle.DevastatedCastle	Devastated Castle siege scheduled for Wed Apr 01 12:00:00 EEST 2026.
2026.03.20 19:18:01,059	CONFIG	3	conquerablehalls.FortressOfResistance.FortressOfResistance	Fortress of Resistance siege scheduled for Wed Apr 01 12:00:00 EEST 2026.
2026.03.20 19:18:01,066	CONFIG	3	conquerablehalls.FortressOfTheDead.FortressOfTheDead	Fortress of the Dead siege scheduled for Wed Apr 01 12:00:00 EEST 2026.
2026.03.20 19:18:01,066	CONFIG	3	conquerablehalls.RainbowSpringsChateau.RainbowSpringsChateau	Rainbow Springs siege scheduled for Wed Apr 01 12:00:00 EEST 2026.
2026.03.20 19:18:01,074	CONFIG	3	conquerablehalls.WildBeastReserve.WildBeastReserve	Beast Farm siege scheduled for Wed Apr 01 12:00:00 EEST 2026.
2026.03.20 19:18:01,143	INFO	3	org.l2jmobius.gameserver.model.script.Quest	Event Freya Celebration has passed... Ignored 
2026.03.20 19:18:01,143	INFO	3	org.l2jmobius.gameserver.model.script.Quest	Event Gift of Vitality has passed... Ignored 
2026.03.20 19:18:01,158	INFO	3	org.l2jmobius.gameserver.model.script.Quest	Event Heavy Medal has passed... Ignored 
2026.03.20 19:18:01,164	INFO	3	org.l2jmobius.gameserver.model.script.Quest	Event L2 Day has passed... Ignored 
2026.03.20 19:18:01,169	INFO	3	org.l2jmobius.gameserver.model.script.Quest	Event Love Your Gatekeeper has passed... Ignored 
2026.03.20 19:18:01,174	INFO	3	org.l2jmobius.gameserver.model.script.Quest	Event Master of Enchanting has passed... Ignored 
2026.03.20 19:18:01,180	INFO	3	org.l2jmobius.gameserver.model.script.Quest	Event Saving Santa has passed... Ignored 
2026.03.20 19:18:01,184	INFO	3	org.l2jmobius.gameserver.model.script.Quest	Event Valentine Event has passed... Ignored 
2026.03.20 19:18:01,190	INFO	3	org.l2jmobius.gameserver.model.script.Quest	Event Watermelon Ninja has passed... Ignored 
2026.03.20 19:18:01,607	INFO	3	org.l2jmobius.gameserver.model.script.Quest	TerritoryWarSuperClass: Siege date: Sun Mar 22 22:00:00 EET 2026
2026.03.20 19:18:01,646	INFO	3	org.l2jmobius.gameserver.data.xml.SpawnData	SpawnData: Initializing spawns...
2026.03.20 19:18:01,808	INFO	101	org.l2jmobius.gameserver.model.script.Quest	HellboundEngine: Spawned 424 NPCs.
2026.03.20 19:18:03,425	INFO	3	org.l2jmobius.gameserver.data.xml.SpawnData	SpawnData: 42297 spawns have been initialized!
2026.03.20 19:18:03,425	INFO	3	org.l2jmobius.gameserver.managers.DayNightSpawnManager	DayNightSpawnManager: Removed 0 night creatures
2026.03.20 19:18:03,425	INFO	3	org.l2jmobius.gameserver.managers.DayNightSpawnManager	DayNightSpawnManager: Spawned 232 day creatures
2026.03.20 19:18:03,440	INFO	3	org.l2jmobius.gameserver.managers.DimensionalRiftManager	DimensionalRiftManager: Loaded 7 room types with 56 rooms.
2026.03.20 19:18:03,440	INFO	3	org.l2jmobius.gameserver.managers.DimensionalRiftManager	DimensionalRiftManager: Loaded 462 dimensional rift spawns, 0 errors.
2026.03.20 19:18:03,440	INFO	3	org.l2jmobius.gameserver.GameServer	---------------------------------------------------=[ Siege ]
2026.03.20 19:18:03,458	INFO	3	org.l2jmobius.gameserver.data.xml.SiegeScheduleData	SiegeScheduleData: Loaded 9 siege schedulers.
2026.03.20 19:18:03,458	INFO	3	org.l2jmobius.gameserver.model.siege.Siege	Siege of Gludio: Sun Mar 22 16:00:00 EET 2026
2026.03.20 19:18:03,460	INFO	3	org.l2jmobius.gameserver.model.siege.Siege	Siege of Dion: Sun Mar 22 20:00:00 EET 2026
2026.03.20 19:18:03,462	INFO	3	org.l2jmobius.gameserver.model.siege.Siege	Siege of Giran: Sun Mar 22 16:00:00 EET 2026
2026.03.20 19:18:03,462	INFO	3	org.l2jmobius.gameserver.model.siege.Siege	Siege of Oren: Sun Mar 22 20:00:00 EET 2026
2026.03.20 19:18:03,464	INFO	3	org.l2jmobius.gameserver.model.siege.Siege	Siege of Aden: Sun Mar 22 16:00:00 EET 2026
2026.03.20 19:18:03,464	INFO	3	org.l2jmobius.gameserver.model.siege.Siege	Siege of Innadril: Sun Mar 22 20:00:00 EET 2026
2026.03.20 19:18:03,464	INFO	3	org.l2jmobius.gameserver.model.siege.Siege	Siege of Goddard: Sun Mar 22 16:00:00 EET 2026
2026.03.20 19:18:03,466	INFO	3	org.l2jmobius.gameserver.model.siege.Siege	Siege of Rune: Sun Mar 22 20:00:00 EET 2026
2026.03.20 19:18:03,466	INFO	3	org.l2jmobius.gameserver.model.siege.Siege	Siege of Schuttgart: Sun Mar 22 16:00:00 EET 2026
2026.03.20 19:18:03,561	INFO	3	org.l2jmobius.gameserver.managers.FortManager	FortManager: Loaded 21 fortress
2026.03.20 19:18:03,642	INFO	3	org.l2jmobius.commons.util.IXmlReader	CastleManorManager: Loaded 258 seeds.
2026.03.20 19:18:03,658	INFO	3	org.l2jmobius.commons.util.IXmlReader	CastleManorManager: Manor data loaded.
2026.03.20 19:18:03,658	INFO	3	org.l2jmobius.gameserver.managers.MercTicketManager	MercTicketManager: Loaded 0 Mercenary Tickets
2026.03.20 19:18:03,658	INFO	3	org.l2jmobius.gameserver.managers.ScriptManager	ScriptManager: Loaded 539 quests.
2026.03.20 19:18:03,658	INFO	3	org.l2jmobius.gameserver.managers.ScriptManager	ScriptManager: Loaded 300 scripts.
2026.03.20 19:18:03,667	INFO	3	org.l2jmobius.gameserver.managers.games.MonsterRaceManager	MonsterRace: loaded 25 records, currently on race #26
2026.03.20 19:18:03,732	INFO	3	org.l2jmobius.gameserver.model.sevensigns.SevenSignsFestival	SevenSignsFestival: The first Festival of Darkness cycle begins in 2 minute(s).
2026.03.20 19:18:03,732	INFO	3	org.l2jmobius.gameserver.GameServer	AutoSpawnHandler: Loaded 129 handlers in total.
2026.03.20 19:18:03,747	INFO	3	org.l2jmobius.gameserver.managers.games.KrateisCubeManager	KrateisCubeManager: Loaded 3 arena templates.
2026.03.20 19:18:03,754	INFO	3	org.l2jmobius.gameserver.managers.games.UndergroundColiseumManager	UndergroundColiseumManager: Loaded 5 coliseum arenas.
2026.03.20 19:18:03,755	INFO	3	org.l2jmobius.gameserver.managers.games.UndergroundColiseumManager	UndergroundColiseumManager: Starts at 20/03/2026 21:00:00
2026.03.20 19:18:03,760	INFO	3	org.l2jmobius.gameserver.managers.DailyResetManager	DailyResetManager: Daily task will run now.
2026.03.20 19:18:03,761	INFO	3	org.l2jmobius.gameserver.managers.DailyResetManager	Starting reset of daily tasks...
2026.03.20 19:18:03,762	INFO	3	org.l2jmobius.gameserver.managers.DailyResetManager	Daily skill reuse cleaned.
2026.03.20 19:18:03,765	INFO	3	org.l2jmobius.gameserver.model.script.Quest	CharacterBirthday 0 gifts sent.
2026.03.20 19:18:03,766	INFO	3	org.l2jmobius.gameserver.managers.DailyResetManager	Daily tasks reset completed.
2026.03.20 19:18:03,769	INFO	3	org.l2jmobius.gameserver.managers.MailManager	MailManager: Loaded 0 messages.
2026.03.20 19:18:03,775	INFO	3	org.l2jmobius.gameserver.managers.PunishmentManager	PunishmentManager: Loaded 0 active and 0 expired punishments.
2026.03.20 19:18:03,776	INFO	3	org.l2jmobius.gameserver.GameServer	IdManager: Free ObjectID's remaining: 1878998831
2026.03.20 19:18:03,777	INFO	3	org.l2jmobius.gameserver.data.sql.OfflineTraderTable	OfflineTraderTable: Loading offline traders...
2026.03.20 19:18:03,777	INFO	3	org.l2jmobius.gameserver.data.sql.OfflineTraderTable	OfflineTraderTable: Loaded 0 offline traders.
2026.03.20 19:18:03,777	INFO	186	org.l2jmobius.commons.util.DeadlockWatcher	DeadlockWatcher: Thread started.
2026.03.20 19:18:05,513	INFO	3	org.l2jmobius.gameserver.GameServer	GameServer: Started, using 844 of 4096 MB total memory.
2026.03.20 19:18:05,513	INFO	3	org.l2jmobius.gameserver.GameServer	GameServer: Maximum number of connected players is 2000.
2026.03.20 19:18:05,513	INFO	3	org.l2jmobius.gameserver.GameServer	GameServer: Server loaded in 27 seconds.
2026.03.20 19:18:05,545	INFO	192	org.l2jmobius.gameserver.LoginServerThread	LoginServerThread: Connecting to login on 127.0.0.1:9014
2026.03.20 19:18:05,547	WARNING	192	org.l2jmobius.gameserver.LoginServerThread	LoginServerThread: LoginServer not available, trying to reconnect...
2026.03.20 19:18:10,557	INFO	192	org.l2jmobius.gameserver.LoginServerThread	LoginServerThread: Connecting to login on 127.0.0.1:9014
2026.03.20 19:18:10,558	WARNING	192	org.l2jmobius.gameserver.LoginServerThread	LoginServerThread: LoginServer not available, trying to reconnect...
2026.03.20 19:18:15,574	INFO	192	org.l2jmobius.gameserver.LoginServerThread	LoginServerThread: Connecting to login on 127.0.0.1:9014
2026.03.20 19:18:15,574	WARNING	192	org.l2jmobius.gameserver.LoginServerThread	LoginServerThread: LoginServer not available, trying to reconnect...
2026.03.20 19:18:20,591	INFO	192	org.l2jmobius.gameserver.LoginServerThread	LoginServerThread: Connecting to login on 127.0.0.1:9014
2026.03.20 19:18:20,591	WARNING	192	org.l2jmobius.gameserver.LoginServerThread	LoginServerThread: LoginServer not available, trying to reconnect...
2026.03.20 19:18:25,596	INFO	192	org.l2jmobius.gameserver.LoginServerThread	LoginServerThread: Connecting to login on 127.0.0.1:9014
2026.03.20 19:18:25,597	WARNING	192	org.l2jmobius.gameserver.LoginServerThread	LoginServerThread: LoginServer not available, trying to reconnect...
2026.03.20 19:18:30,610	INFO	192	org.l2jmobius.gameserver.LoginServerThread	LoginServerThread: Connecting to login on 127.0.0.1:9014
2026.03.20 19:18:30,610	WARNING	192	org.l2jmobius.gameserver.LoginServerThread	LoginServerThread: LoginServer not available, trying to reconnect...
2026.03.20 19:18:35,622	INFO	192	org.l2jmobius.gameserver.LoginServerThread	LoginServerThread: Connecting to login on 127.0.0.1:9014
2026.03.20 19:18:35,622	WARNING	192	org.l2jmobius.gameserver.LoginServerThread	LoginServerThread: LoginServer not available, trying to reconnect...
2026.03.20 19:18:40,628	INFO	192	org.l2jmobius.gameserver.LoginServerThread	LoginServerThread: Connecting to login on 127.0.0.1:9014
2026.03.20 19:18:40,629	WARNING	192	org.l2jmobius.gameserver.LoginServerThread	LoginServerThread: LoginServer not available, trying to reconnect...
2026.03.20 19:18:45,634	INFO	192	org.l2jmobius.gameserver.LoginServerThread	LoginServerThread: Connecting to login on 127.0.0.1:9014
2026.03.20 19:18:45,635	WARNING	192	org.l2jmobius.gameserver.LoginServerThread	LoginServerThread: LoginServer not available, trying to reconnect...
2026.03.20 19:18:50,639	INFO	192	org.l2jmobius.gameserver.LoginServerThread	LoginServerThread: Connecting to login on 127.0.0.1:9014
2026.03.20 19:18:50,639	WARNING	192	org.l2jmobius.gameserver.LoginServerThread	LoginServerThread: LoginServer not available, trying to reconnect...
2026.03.20 19:18:55,643	INFO	192	org.l2jmobius.gameserver.LoginServerThread	LoginServerThread: Connecting to login on 127.0.0.1:9014
2026.03.20 19:18:55,643	WARNING	192	org.l2jmobius.gameserver.LoginServerThread	LoginServerThread: LoginServer not available, trying to reconnect...
2026.03.20 19:19:00,647	INFO	192	org.l2jmobius.gameserver.LoginServerThread	LoginServerThread: Connecting to login on 127.0.0.1:9014
2026.03.20 19:19:00,647	WARNING	192	org.l2jmobius.gameserver.LoginServerThread	LoginServerThread: LoginServer not available, trying to reconnect...
2026.03.20 19:19:05,651	INFO	192	org.l2jmobius.gameserver.LoginServerThread	LoginServerThread: Connecting to login on 127.0.0.1:9014
2026.03.20 19:19:05,651	WARNING	192	org.l2jmobius.gameserver.LoginServerThread	LoginServerThread: LoginServer not available, trying to reconnect...
2026.03.20 19:19:10,657	INFO	192	org.l2jmobius.gameserver.LoginServerThread	LoginServerThread: Connecting to login on 127.0.0.1:9014
2026.03.20 19:19:10,657	WARNING	192	org.l2jmobius.gameserver.LoginServerThread	LoginServerThread: LoginServer not available, trying to reconnect...
2026.03.20 19:19:15,664	INFO	192	org.l2jmobius.gameserver.LoginServerThread	LoginServerThread: Connecting to login on 127.0.0.1:9014
2026.03.20 19:19:15,665	WARNING	192	org.l2jmobius.gameserver.LoginServerThread	LoginServerThread: LoginServer not available, trying to reconnect...
2026.03.20 19:19:20,673	INFO	192	org.l2jmobius.gameserver.LoginServerThread	LoginServerThread: Connecting to login on 127.0.0.1:9014
2026.03.20 19:19:20,673	WARNING	192	org.l2jmobius.gameserver.LoginServerThread	LoginServerThread: LoginServer not available, trying to reconnect...
2026.03.20 19:19:25,675	INFO	192	org.l2jmobius.gameserver.LoginServerThread	LoginServerThread: Connecting to login on 127.0.0.1:9014
2026.03.20 19:19:25,675	WARNING	192	org.l2jmobius.gameserver.LoginServerThread	LoginServerThread: LoginServer not available, trying to reconnect...
2026.03.20 19:19:30,690	INFO	192	org.l2jmobius.gameserver.LoginServerThread	LoginServerThread: Connecting to login on 127.0.0.1:9014
2026.03.20 19:19:30,690	WARNING	192	org.l2jmobius.gameserver.LoginServerThread	LoginServerThread: LoginServer not available, trying to reconnect...
2026.03.20 19:19:35,695	INFO	192	org.l2jmobius.gameserver.LoginServerThread	LoginServerThread: Connecting to login on 127.0.0.1:9014
2026.03.20 19:19:35,696	WARNING	192	org.l2jmobius.gameserver.LoginServerThread	LoginServerThread: LoginServer not available, trying to reconnect...
2026.03.20 19:19:40,697	INFO	192	org.l2jmobius.gameserver.LoginServerThread	LoginServerThread: Connecting to login on 127.0.0.1:9014
2026.03.20 19:19:40,697	WARNING	192	org.l2jmobius.gameserver.LoginServerThread	LoginServerThread: LoginServer not available, trying to reconnect...
2026.03.20 19:19:45,701	INFO	192	org.l2jmobius.gameserver.LoginServerThread	LoginServerThread: Connecting to login on 127.0.0.1:9014
2026.03.20 19:19:45,702	WARNING	192	org.l2jmobius.gameserver.LoginServerThread	LoginServerThread: LoginServer not available, trying to reconnect...
2026.03.20 19:19:50,709	INFO	192	org.l2jmobius.gameserver.LoginServerThread	LoginServerThread: Connecting to login on 127.0.0.1:9014
2026.03.20 19:19:50,709	WARNING	192	org.l2jmobius.gameserver.LoginServerThread	LoginServerThread: LoginServer not available, trying to reconnect...
2026.03.20 19:19:55,712	INFO	192	org.l2jmobius.gameserver.LoginServerThread	LoginServerThread: Connecting to login on 127.0.0.1:9014
2026.03.20 19:19:55,712	WARNING	192	org.l2jmobius.gameserver.LoginServerThread	LoginServerThread: LoginServer not available, trying to reconnect...
2026.03.20 19:20:00,726	INFO	192	org.l2jmobius.gameserver.LoginServerThread	LoginServerThread: Connecting to login on 127.0.0.1:9014
2026.03.20 19:20:00,727	WARNING	192	org.l2jmobius.gameserver.LoginServerThread	LoginServerThread: LoginServer not available, trying to reconnect...
2026.03.20 19:20:05,742	INFO	192	org.l2jmobius.gameserver.LoginServerThread	LoginServerThread: Connecting to login on 127.0.0.1:9014
2026.03.20 19:20:05,743	WARNING	192	org.l2jmobius.gameserver.LoginServerThread	LoginServerThread: LoginServer not available, trying to reconnect...
2026.03.20 19:20:10,748	INFO	192	org.l2jmobius.gameserver.LoginServerThread	LoginServerThread: Connecting to login on 127.0.0.1:9014
2026.03.20 19:20:10,749	WARNING	192	org.l2jmobius.gameserver.LoginServerThread	LoginServerThread: LoginServer not available, trying to reconnect...
2026.03.20 19:20:15,750	INFO	192	org.l2jmobius.gameserver.LoginServerThread	LoginServerThread: Connecting to login on 127.0.0.1:9014
2026.03.20 19:20:15,750	WARNING	192	org.l2jmobius.gameserver.LoginServerThread	LoginServerThread: LoginServer not available, trying to reconnect...
2026.03.20 19:20:20,754	INFO	192	org.l2jmobius.gameserver.LoginServerThread	LoginServerThread: Connecting to login on 127.0.0.1:9014
2026.03.20 19:20:20,754	WARNING	192	org.l2jmobius.gameserver.LoginServerThread	LoginServerThread: LoginServer not available, trying to reconnect...
2026.03.20 19:20:25,756	INFO	192	org.l2jmobius.gameserver.LoginServerThread	LoginServerThread: Connecting to login on 127.0.0.1:9014
2026.03.20 19:20:25,756	WARNING	192	org.l2jmobius.gameserver.LoginServerThread	LoginServerThread: LoginServer not available, trying to reconnect...
2026.03.20 19:20:30,768	INFO	192	org.l2jmobius.gameserver.LoginServerThread	LoginServerThread: Connecting to login on 127.0.0.1:9014
2026.03.20 19:20:30,768	WARNING	192	org.l2jmobius.gameserver.LoginServerThread	LoginServerThread: LoginServer not available, trying to reconnect...
2026.03.20 19:20:35,776	INFO	192	org.l2jmobius.gameserver.LoginServerThread	LoginServerThread: Connecting to login on 127.0.0.1:9014
2026.03.20 19:20:35,776	WARNING	192	org.l2jmobius.gameserver.LoginServerThread	LoginServerThread: LoginServer not available, trying to reconnect...
2026.03.20 19:20:40,777	INFO	192	org.l2jmobius.gameserver.LoginServerThread	LoginServerThread: Connecting to login on 127.0.0.1:9014
2026.03.20 19:20:40,777	WARNING	192	org.l2jmobius.gameserver.LoginServerThread	LoginServerThread: LoginServer not available, trying to reconnect...
2026.03.20 19:20:45,788	INFO	192	org.l2jmobius.gameserver.LoginServerThread	LoginServerThread: Connecting to login on 127.0.0.1:9014
2026.03.20 19:20:45,789	WARNING	192	org.l2jmobius.gameserver.LoginServerThread	LoginServerThread: LoginServer not available, trying to reconnect...
2026.03.20 19:20:50,796	INFO	192	org.l2jmobius.gameserver.LoginServerThread	LoginServerThread: Connecting to login on 127.0.0.1:9014
2026.03.20 19:20:50,796	WARNING	192	org.l2jmobius.gameserver.LoginServerThread	LoginServerThread: LoginServer not available, trying to reconnect...
2026.03.20 19:20:55,803	INFO	192	org.l2jmobius.gameserver.LoginServerThread	LoginServerThread: Connecting to login on 127.0.0.1:9014
2026.03.20 19:20:55,803	WARNING	192	org.l2jmobius.gameserver.LoginServerThread	LoginServerThread: LoginServer not available, trying to reconnect...
2026.03.20 19:21:00,815	INFO	192	org.l2jmobius.gameserver.LoginServerThread	LoginServerThread: Connecting to login on 127.0.0.1:9014
2026.03.20 19:21:00,816	WARNING	192	org.l2jmobius.gameserver.LoginServerThread	LoginServerThread: LoginServer not available, trying to reconnect...
2026.03.20 19:21:05,818	INFO	192	org.l2jmobius.gameserver.LoginServerThread	LoginServerThread: Connecting to login on 127.0.0.1:9014
2026.03.20 19:21:05,818	WARNING	192	org.l2jmobius.gameserver.LoginServerThread	LoginServerThread: LoginServer not available, trying to reconnect...
2026.03.20 19:21:10,823	INFO	192	org.l2jmobius.gameserver.LoginServerThread	LoginServerThread: Connecting to login on 127.0.0.1:9014
2026.03.20 19:21:10,823	WARNING	192	org.l2jmobius.gameserver.LoginServerThread	LoginServerThread: LoginServer not available, trying to reconnect...
2026.03.20 19:21:15,827	INFO	192	org.l2jmobius.gameserver.LoginServerThread	LoginServerThread: Connecting to login on 127.0.0.1:9014
2026.03.20 19:21:15,827	WARNING	192	org.l2jmobius.gameserver.LoginServerThread	LoginServerThread: LoginServer not available, trying to reconnect...
2026.03.20 19:21:20,833	INFO	192	org.l2jmobius.gameserver.LoginServerThread	LoginServerThread: Connecting to login on 127.0.0.1:9014
2026.03.20 19:21:20,833	WARNING	192	org.l2jmobius.gameserver.LoginServerThread	LoginServerThread: LoginServer not available, trying to reconnect...
2026.03.20 19:21:25,848	INFO	192	org.l2jmobius.gameserver.LoginServerThread	LoginServerThread: Connecting to login on 127.0.0.1:9014
2026.03.20 19:21:25,848	WARNING	192	org.l2jmobius.gameserver.LoginServerThread	LoginServerThread: LoginServer not available, trying to reconnect...
2026.03.20 19:21:30,856	INFO	192	org.l2jmobius.gameserver.LoginServerThread	LoginServerThread: Connecting to login on 127.0.0.1:9014
2026.03.20 19:21:30,856	WARNING	192	org.l2jmobius.gameserver.LoginServerThread	LoginServerThread: LoginServer not available, trying to reconnect...
2026.03.20 19:21:35,866	INFO	192	org.l2jmobius.gameserver.LoginServerThread	LoginServerThread: Connecting to login on 127.0.0.1:9014
2026.03.20 19:21:35,866	WARNING	192	org.l2jmobius.gameserver.LoginServerThread	LoginServerThread: LoginServer not available, trying to reconnect...
2026.03.20 19:21:40,869	INFO	192	org.l2jmobius.gameserver.LoginServerThread	LoginServerThread: Connecting to login on 127.0.0.1:9014
2026.03.20 19:21:40,869	WARNING	192	org.l2jmobius.gameserver.LoginServerThread	LoginServerThread: LoginServer not available, trying to reconnect...
2026.03.20 19:21:45,881	INFO	192	org.l2jmobius.gameserver.LoginServerThread	LoginServerThread: Connecting to login on 127.0.0.1:9014
2026.03.20 19:21:45,881	WARNING	192	org.l2jmobius.gameserver.LoginServerThread	LoginServerThread: LoginServer not available, trying to reconnect...
2026.03.20 19:21:50,896	INFO	192	org.l2jmobius.gameserver.LoginServerThread	LoginServerThread: Connecting to login on 127.0.0.1:9014
2026.03.20 19:21:50,896	WARNING	192	org.l2jmobius.gameserver.LoginServerThread	LoginServerThread: LoginServer not available, trying to reconnect...
2026.03.20 19:21:55,899	INFO	192	org.l2jmobius.gameserver.LoginServerThread	LoginServerThread: Connecting to login on 127.0.0.1:9014
2026.03.20 19:21:55,899	WARNING	192	org.l2jmobius.gameserver.LoginServerThread	LoginServerThread: LoginServer not available, trying to reconnect...
2026.03.20 19:22:00,901	INFO	192	org.l2jmobius.gameserver.LoginServerThread	LoginServerThread: Connecting to login on 127.0.0.1:9014
2026.03.20 19:22:00,901	WARNING	192	org.l2jmobius.gameserver.LoginServerThread	LoginServerThread: LoginServer not available, trying to reconnect...
2026.03.20 19:22:05,916	INFO	192	org.l2jmobius.gameserver.LoginServerThread	LoginServerThread: Connecting to login on 127.0.0.1:9014
2026.03.20 19:22:05,916	WARNING	192	org.l2jmobius.gameserver.LoginServerThread	LoginServerThread: LoginServer not available, trying to reconnect...
2026.03.20 19:22:10,929	INFO	192	org.l2jmobius.gameserver.LoginServerThread	LoginServerThread: Connecting to login on 127.0.0.1:9014
2026.03.20 19:22:10,929	WARNING	192	org.l2jmobius.gameserver.LoginServerThread	LoginServerThread: LoginServer not available, trying to reconnect...
2026.03.20 19:22:15,939	INFO	192	org.l2jmobius.gameserver.LoginServerThread	LoginServerThread: Connecting to login on 127.0.0.1:9014
2026.03.20 19:22:15,940	WARNING	192	org.l2jmobius.gameserver.LoginServerThread	LoginServerThread: LoginServer not available, trying to reconnect...
2026.03.20 19:22:20,943	INFO	192	org.l2jmobius.gameserver.LoginServerThread	LoginServerThread: Connecting to login on 127.0.0.1:9014
2026.03.20 19:22:20,944	WARNING	192	org.l2jmobius.gameserver.LoginServerThread	LoginServerThread: LoginServer not available, trying to reconnect...
2026.03.20 19:22:25,952	INFO	192	org.l2jmobius.gameserver.LoginServerThread	LoginServerThread: Connecting to login on 127.0.0.1:9014
2026.03.20 19:22:25,952	WARNING	192	org.l2jmobius.gameserver.LoginServerThread	LoginServerThread: LoginServer not available, trying to reconnect...
2026.03.20 19:22:30,961	INFO	192	org.l2jmobius.gameserver.LoginServerThread	LoginServerThread: Connecting to login on 127.0.0.1:9014
2026.03.20 19:22:30,962	WARNING	192	org.l2jmobius.gameserver.LoginServerThread	LoginServerThread: LoginServer not available, trying to reconnect...
2026.03.20 19:22:35,967	INFO	192	org.l2jmobius.gameserver.LoginServerThread	LoginServerThread: Connecting to login on 127.0.0.1:9014
2026.03.20 19:22:35,967	WARNING	192	org.l2jmobius.gameserver.LoginServerThread	LoginServerThread: LoginServer not available, trying to reconnect...
2026.03.20 19:22:40,977	INFO	192	org.l2jmobius.gameserver.LoginServerThread	LoginServerThread: Connecting to login on 127.0.0.1:9014
2026.03.20 19:22:40,977	WARNING	192	org.l2jmobius.gameserver.LoginServerThread	LoginServerThread: LoginServer not available, trying to reconnect...
2026.03.20 19:22:45,986	INFO	192	org.l2jmobius.gameserver.LoginServerThread	LoginServerThread: Connecting to login on 127.0.0.1:9014
2026.03.20 19:22:45,986	WARNING	192	org.l2jmobius.gameserver.LoginServerThread	LoginServerThread: LoginServer not available, trying to reconnect...
2026.03.20 19:22:51,001	INFO	192	org.l2jmobius.gameserver.LoginServerThread	LoginServerThread: Connecting to login on 127.0.0.1:9014
2026.03.20 19:22:51,001	WARNING	192	org.l2jmobius.gameserver.LoginServerThread	LoginServerThread: LoginServer not available, trying to reconnect...
2026.03.20 19:22:56,009	INFO	192	org.l2jmobius.gameserver.LoginServerThread	LoginServerThread: Connecting to login on 127.0.0.1:9014
2026.03.20 19:22:56,009	WARNING	192	org.l2jmobius.gameserver.LoginServerThread	LoginServerThread: LoginServer not available, trying to reconnect...
2026.03.20 19:23:01,026	INFO	192	org.l2jmobius.gameserver.LoginServerThread	LoginServerThread: Connecting to login on 127.0.0.1:9014
2026.03.20 19:23:01,026	WARNING	192	org.l2jmobius.gameserver.LoginServerThread	LoginServerThread: LoginServer not available, trying to reconnect...
2026.03.20 19:23:06,038	INFO	192	org.l2jmobius.gameserver.LoginServerThread	LoginServerThread: Connecting to login on 127.0.0.1:9014
2026.03.20 19:23:06,038	WARNING	192	org.l2jmobius.gameserver.LoginServerThread	LoginServerThread: LoginServer not available, trying to reconnect...
2026.03.20 19:23:11,050	INFO	192	org.l2jmobius.gameserver.LoginServerThread	LoginServerThread: Connecting to login on 127.0.0.1:9014
2026.03.20 19:23:11,050	WARNING	192	org.l2jmobius.gameserver.LoginServerThread	LoginServerThread: LoginServer not available, trying to reconnect...
2026.03.20 19:23:16,055	INFO	192	org.l2jmobius.gameserver.LoginServerThread	LoginServerThread: Connecting to login on 127.0.0.1:9014
2026.03.20 19:23:16,055	WARNING	192	org.l2jmobius.gameserver.LoginServerThread	LoginServerThread: LoginServer not available, trying to reconnect...
2026.03.20 19:23:21,062	INFO	192	org.l2jmobius.gameserver.LoginServerThread	LoginServerThread: Connecting to login on 127.0.0.1:9014
2026.03.20 19:23:21,062	WARNING	192	org.l2jmobius.gameserver.LoginServerThread	LoginServerThread: LoginServer not available, trying to reconnect...
2026.03.20 19:23:26,074	INFO	192	org.l2jmobius.gameserver.LoginServerThread	LoginServerThread: Connecting to login on 127.0.0.1:9014
2026.03.20 19:23:26,074	WARNING	192	org.l2jmobius.gameserver.LoginServerThread	LoginServerThread: LoginServer not available, trying to reconnect...
2026.03.20 19:23:31,076	INFO	192	org.l2jmobius.gameserver.LoginServerThread	LoginServerThread: Connecting to login on 127.0.0.1:9014
2026.03.20 19:23:31,076	WARNING	192	org.l2jmobius.gameserver.LoginServerThread	LoginServerThread: LoginServer not available, trying to reconnect...
2026.03.20 19:23:36,080	INFO	192	org.l2jmobius.gameserver.LoginServerThread	LoginServerThread: Connecting to login on 127.0.0.1:9014
2026.03.20 19:23:36,080	WARNING	192	org.l2jmobius.gameserver.LoginServerThread	LoginServerThread: LoginServer not available, trying to reconnect...
2026.03.20 19:23:41,091	INFO	192	org.l2jmobius.gameserver.LoginServerThread	LoginServerThread: Connecting to login on 127.0.0.1:9014
2026.03.20 19:23:41,091	WARNING	192	org.l2jmobius.gameserver.LoginServerThread	LoginServerThread: LoginServer not available, trying to reconnect...
2026.03.20 19:23:46,095	INFO	192	org.l2jmobius.gameserver.LoginServerThread	LoginServerThread: Connecting to login on 127.0.0.1:9014
2026.03.20 19:23:46,095	WARNING	192	org.l2jmobius.gameserver.LoginServerThread	LoginServerThread: LoginServer not available, trying to reconnect...
2026.03.20 19:23:51,108	INFO	192	org.l2jmobius.gameserver.LoginServerThread	LoginServerThread: Connecting to login on 127.0.0.1:9014
2026.03.20 19:23:51,109	WARNING	192	org.l2jmobius.gameserver.LoginServerThread	LoginServerThread: LoginServer not available, trying to reconnect...
2026.03.20 19:23:56,123	INFO	192	org.l2jmobius.gameserver.LoginServerThread	LoginServerThread: Connecting to login on 127.0.0.1:9014
2026.03.20 19:23:56,124	WARNING	192	org.l2jmobius.gameserver.LoginServerThread	LoginServerThread: LoginServer not available, trying to reconnect...
2026.03.20 19:24:01,134	INFO	192	org.l2jmobius.gameserver.LoginServerThread	LoginServerThread: Connecting to login on 127.0.0.1:9014
2026.03.20 19:24:01,137	WARNING	192	org.l2jmobius.gameserver.LoginServerThread	LoginServerThread: LoginServer not available, trying to reconnect...
2026.03.20 19:24:06,139	INFO	192	org.l2jmobius.gameserver.LoginServerThread	LoginServerThread: Connecting to login on 127.0.0.1:9014
2026.03.20 19:24:06,140	WARNING	192	org.l2jmobius.gameserver.LoginServerThread	LoginServerThread: LoginServer not available, trying to reconnect...
2026.03.20 19:24:11,155	INFO	192	org.l2jmobius.gameserver.LoginServerThread	LoginServerThread: Connecting to login on 127.0.0.1:9014
2026.03.20 19:24:11,156	WARNING	192	org.l2jmobius.gameserver.LoginServerThread	LoginServerThread: LoginServer not available, trying to reconnect...
2026.03.20 19:24:16,159	INFO	192	org.l2jmobius.gameserver.LoginServerThread	LoginServerThread: Connecting to login on 127.0.0.1:9014
2026.03.20 19:24:16,159	WARNING	192	org.l2jmobius.gameserver.LoginServerThread	LoginServerThread: LoginServer not available, trying to reconnect...
2026.03.20 19:24:21,163	INFO	192	org.l2jmobius.gameserver.LoginServerThread	LoginServerThread: Connecting to login on 127.0.0.1:9014
2026.03.20 19:24:21,163	WARNING	192	org.l2jmobius.gameserver.LoginServerThread	LoginServerThread: LoginServer not available, trying to reconnect...
2026.03.20 19:24:26,166	INFO	192	org.l2jmobius.gameserver.LoginServerThread	LoginServerThread: Connecting to login on 127.0.0.1:9014
2026.03.20 19:24:26,167	WARNING	192	org.l2jmobius.gameserver.LoginServerThread	LoginServerThread: LoginServer not available, trying to reconnect...
2026.03.20 19:24:31,168	INFO	192	org.l2jmobius.gameserver.LoginServerThread	LoginServerThread: Connecting to login on 127.0.0.1:9014
2026.03.20 19:24:31,168	WARNING	192	org.l2jmobius.gameserver.LoginServerThread	LoginServerThread: LoginServer not available, trying to reconnect...
2026.03.20 19:24:36,174	INFO	192	org.l2jmobius.gameserver.LoginServerThread	LoginServerThread: Connecting to login on 127.0.0.1:9014
2026.03.20 19:24:36,174	WARNING	192	org.l2jmobius.gameserver.LoginServerThread	LoginServerThread: LoginServer not available, trying to reconnect...
2026.03.20 19:24:41,179	INFO	192	org.l2jmobius.gameserver.LoginServerThread	LoginServerThread: Connecting to login on 127.0.0.1:9014
2026.03.20 19:24:41,179	WARNING	192	org.l2jmobius.gameserver.LoginServerThread	LoginServerThread: LoginServer not available, trying to reconnect...
2026.03.20 19:24:46,195	INFO	192	org.l2jmobius.gameserver.LoginServerThread	LoginServerThread: Connecting to login on 127.0.0.1:9014
2026.03.20 19:24:46,195	WARNING	192	org.l2jmobius.gameserver.LoginServerThread	LoginServerThread: LoginServer not available, trying to reconnect...
2026.03.20 19:24:51,199	INFO	192	org.l2jmobius.gameserver.LoginServerThread	LoginServerThread: Connecting to login on 127.0.0.1:9014
2026.03.20 19:24:51,199	WARNING	192	org.l2jmobius.gameserver.LoginServerThread	LoginServerThread: LoginServer not available, trying to reconnect...
2026.03.20 19:24:56,202	INFO	192	org.l2jmobius.gameserver.LoginServerThread	LoginServerThread: Connecting to login on 127.0.0.1:9014
2026.03.20 19:24:56,202	WARNING	192	org.l2jmobius.gameserver.LoginServerThread	LoginServerThread: LoginServer not available, trying to reconnect...
2026.03.20 19:25:01,216	INFO	192	org.l2jmobius.gameserver.LoginServerThread	LoginServerThread: Connecting to login on 127.0.0.1:9014
2026.03.20 19:25:01,216	WARNING	192	org.l2jmobius.gameserver.LoginServerThread	LoginServerThread: LoginServer not available, trying to reconnect...
2026.03.20 19:25:06,219	INFO	192	org.l2jmobius.gameserver.LoginServerThread	LoginServerThread: Connecting to login on 127.0.0.1:9014
2026.03.20 19:25:06,219	WARNING	192	org.l2jmobius.gameserver.LoginServerThread	LoginServerThread: LoginServer not available, trying to reconnect...
2026.03.20 19:25:11,225	INFO	192	org.l2jmobius.gameserver.LoginServerThread	LoginServerThread: Connecting to login on 127.0.0.1:9014
2026.03.20 19:25:11,225	WARNING	192	org.l2jmobius.gameserver.LoginServerThread	LoginServerThread: LoginServer not available, trying to reconnect...
2026.03.20 19:25:16,232	INFO	192	org.l2jmobius.gameserver.LoginServerThread	LoginServerThread: Connecting to login on 127.0.0.1:9014
2026.03.20 19:25:16,233	WARNING	192	org.l2jmobius.gameserver.LoginServerThread	LoginServerThread: LoginServer not available, trying to reconnect...
2026.03.20 19:25:21,240	INFO	192	org.l2jmobius.gameserver.LoginServerThread	LoginServerThread: Connecting to login on 127.0.0.1:9014
2026.03.20 19:25:21,240	WARNING	192	org.l2jmobius.gameserver.LoginServerThread	LoginServerThread: LoginServer not available, trying to reconnect...
2026.03.20 19:25:26,242	INFO	192	org.l2jmobius.gameserver.LoginServerThread	LoginServerThread: Connecting to login on 127.0.0.1:9014
2026.03.20 19:25:26,242	WARNING	192	org.l2jmobius.gameserver.LoginServerThread	LoginServerThread: LoginServer not available, trying to reconnect...
2026.03.20 19:25:31,251	INFO	192	org.l2jmobius.gameserver.LoginServerThread	LoginServerThread: Connecting to login on 127.0.0.1:9014
2026.03.20 19:25:31,251	WARNING	192	org.l2jmobius.gameserver.LoginServerThread	LoginServerThread: LoginServer not available, trying to reconnect...
2026.03.20 19:25:36,252	INFO	192	org.l2jmobius.gameserver.LoginServerThread	LoginServerThread: Connecting to login on 127.0.0.1:9014
2026.03.20 19:25:36,253	WARNING	192	org.l2jmobius.gameserver.LoginServerThread	LoginServerThread: LoginServer not available, trying to reconnect...
2026.03.20 19:25:41,257	INFO	192	org.l2jmobius.gameserver.LoginServerThread	LoginServerThread: Connecting to login on 127.0.0.1:9014
2026.03.20 19:25:41,258	WARNING	192	org.l2jmobius.gameserver.LoginServerThread	LoginServerThread: LoginServer not available, trying to reconnect...
2026.03.20 19:25:46,260	INFO	192	org.l2jmobius.gameserver.LoginServerThread	LoginServerThread: Connecting to login on 127.0.0.1:9014
2026.03.20 19:25:46,260	WARNING	192	org.l2jmobius.gameserver.LoginServerThread	LoginServerThread: LoginServer not available, trying to reconnect...
2026.03.20 19:25:51,276	INFO	192	org.l2jmobius.gameserver.LoginServerThread	LoginServerThread: Connecting to login on 127.0.0.1:9014
2026.03.20 19:25:51,276	WARNING	192	org.l2jmobius.gameserver.LoginServerThread	LoginServerThread: LoginServer not available, trying to reconnect...
2026.03.20 19:25:56,284	INFO	192	org.l2jmobius.gameserver.LoginServerThread	LoginServerThread: Connecting to login on 127.0.0.1:9014
2026.03.20 19:25:56,285	WARNING	192	org.l2jmobius.gameserver.LoginServerThread	LoginServerThread: LoginServer not available, trying to reconnect...
2026.03.20 19:26:01,290	INFO	192	org.l2jmobius.gameserver.LoginServerThread	LoginServerThread: Connecting to login on 127.0.0.1:9014
2026.03.20 19:26:01,291	WARNING	192	org.l2jmobius.gameserver.LoginServerThread	LoginServerThread: LoginServer not available, trying to reconnect...
2026.03.20 19:26:06,296	INFO	192	org.l2jmobius.gameserver.LoginServerThread	LoginServerThread: Connecting to login on 127.0.0.1:9014
2026.03.20 19:26:06,297	WARNING	192	org.l2jmobius.gameserver.LoginServerThread	LoginServerThread: LoginServer not available, trying to reconnect...
2026.03.20 19:26:11,300	INFO	192	org.l2jmobius.gameserver.LoginServerThread	LoginServerThread: Connecting to login on 127.0.0.1:9014
2026.03.20 19:26:11,300	WARNING	192	org.l2jmobius.gameserver.LoginServerThread	LoginServerThread: LoginServer not available, trying to reconnect...
2026.03.20 19:26:16,307	INFO	192	org.l2jmobius.gameserver.LoginServerThread	LoginServerThread: Connecting to login on 127.0.0.1:9014
2026.03.20 19:26:16,308	WARNING	192	org.l2jmobius.gameserver.LoginServerThread	LoginServerThread: LoginServer not available, trying to reconnect...
2026.03.20 19:26:21,314	INFO	192	org.l2jmobius.gameserver.LoginServerThread	LoginServerThread: Connecting to login on 127.0.0.1:9014
2026.03.20 19:26:21,314	WARNING	192	org.l2jmobius.gameserver.LoginServerThread	LoginServerThread: LoginServer not available, trying to reconnect...
2026.03.20 19:26:26,318	INFO	192	org.l2jmobius.gameserver.LoginServerThread	LoginServerThread: Connecting to login on 127.0.0.1:9014
2026.03.20 19:26:26,319	WARNING	192	org.l2jmobius.gameserver.LoginServerThread	LoginServerThread: LoginServer not available, trying to reconnect...
2026.03.20 19:26:31,321	INFO	192	org.l2jmobius.gameserver.LoginServerThread	LoginServerThread: Connecting to login on 127.0.0.1:9014
2026.03.20 19:26:31,322	WARNING	192	org.l2jmobius.gameserver.LoginServerThread	LoginServerThread: LoginServer not available, trying to reconnect...
2026.03.20 19:26:36,328	INFO	192	org.l2jmobius.gameserver.LoginServerThread	LoginServerThread: Connecting to login on 127.0.0.1:9014
2026.03.20 19:26:36,329	WARNING	192	org.l2jmobius.gameserver.LoginServerThread	LoginServerThread: LoginServer not available, trying to reconnect...
2026.03.20 19:26:41,334	INFO	192	org.l2jmobius.gameserver.LoginServerThread	LoginServerThread: Connecting to login on 127.0.0.1:9014
2026.03.20 19:26:41,335	WARNING	192	org.l2jmobius.gameserver.LoginServerThread	LoginServerThread: LoginServer not available, trying to reconnect...
2026.03.20 19:26:46,338	INFO	192	org.l2jmobius.gameserver.LoginServerThread	LoginServerThread: Connecting to login on 127.0.0.1:9014
2026.03.20 19:26:46,339	WARNING	192	org.l2jmobius.gameserver.LoginServerThread	LoginServerThread: LoginServer not available, trying to reconnect...
2026.03.20 19:26:51,343	INFO	192	org.l2jmobius.gameserver.LoginServerThread	LoginServerThread: Connecting to login on 127.0.0.1:9014
2026.03.20 19:26:51,343	WARNING	192	org.l2jmobius.gameserver.LoginServerThread	LoginServerThread: LoginServer not available, trying to reconnect...
2026.03.20 19:26:56,344	INFO	192	org.l2jmobius.gameserver.LoginServerThread	LoginServerThread: Connecting to login on 127.0.0.1:9014
2026.03.20 19:26:56,344	WARNING	192	org.l2jmobius.gameserver.LoginServerThread	LoginServerThread: LoginServer not available, trying to reconnect...
2026.03.20 19:27:01,353	INFO	192	org.l2jmobius.gameserver.LoginServerThread	LoginServerThread: Connecting to login on 127.0.0.1:9014
2026.03.20 19:27:01,354	WARNING	192	org.l2jmobius.gameserver.LoginServerThread	LoginServerThread: LoginServer not available, trying to reconnect...
2026.03.20 19:27:06,358	INFO	192	org.l2jmobius.gameserver.LoginServerThread	LoginServerThread: Connecting to login on 127.0.0.1:9014
2026.03.20 19:27:06,359	WARNING	192	org.l2jmobius.gameserver.LoginServerThread	LoginServerThread: LoginServer not available, trying to reconnect...
2026.03.20 19:27:11,361	INFO	192	org.l2jmobius.gameserver.LoginServerThread	LoginServerThread: Connecting to login on 127.0.0.1:9014
2026.03.20 19:27:11,363	WARNING	192	org.l2jmobius.gameserver.LoginServerThread	LoginServerThread: LoginServer not available, trying to reconnect...
2026.03.20 19:27:16,367	INFO	192	org.l2jmobius.gameserver.LoginServerThread	LoginServerThread: Connecting to login on 127.0.0.1:9014
2026.03.20 19:27:16,368	WARNING	192	org.l2jmobius.gameserver.LoginServerThread	LoginServerThread: LoginServer not available, trying to reconnect...
2026.03.20 19:27:21,372	INFO	192	org.l2jmobius.gameserver.LoginServerThread	LoginServerThread: Connecting to login on 127.0.0.1:9014
2026.03.20 19:27:21,373	WARNING	192	org.l2jmobius.gameserver.LoginServerThread	LoginServerThread: LoginServer not available, trying to reconnect...
2026.03.20 19:27:26,376	INFO	192	org.l2jmobius.gameserver.LoginServerThread	LoginServerThread: Connecting to login on 127.0.0.1:9014
2026.03.20 19:27:26,377	WARNING	192	org.l2jmobius.gameserver.LoginServerThread	LoginServerThread: LoginServer not available, trying to reconnect...
2026.03.20 19:27:31,379	INFO	192	org.l2jmobius.gameserver.LoginServerThread	LoginServerThread: Connecting to login on 127.0.0.1:9014
2026.03.20 19:27:31,380	WARNING	192	org.l2jmobius.gameserver.LoginServerThread	LoginServerThread: LoginServer not available, trying to reconnect...
2026.03.20 19:27:36,386	INFO	192	org.l2jmobius.gameserver.LoginServerThread	LoginServerThread: Connecting to login on 127.0.0.1:9014
2026.03.20 19:27:36,387	WARNING	192	org.l2jmobius.gameserver.LoginServerThread	LoginServerThread: LoginServer not available, trying to reconnect...
2026.03.20 19:27:41,391	INFO	192	org.l2jmobius.gameserver.LoginServerThread	LoginServerThread: Connecting to login on 127.0.0.1:9014
2026.03.20 19:27:41,392	WARNING	192	org.l2jmobius.gameserver.LoginServerThread	LoginServerThread: LoginServer not available, trying to reconnect...
2026.03.20 19:27:46,395	INFO	192	org.l2jmobius.gameserver.LoginServerThread	LoginServerThread: Connecting to login on 127.0.0.1:9014
2026.03.20 19:27:46,395	WARNING	192	org.l2jmobius.gameserver.LoginServerThread	LoginServerThread: LoginServer not available, trying to reconnect...
2026.03.20 19:27:51,400	INFO	192	org.l2jmobius.gameserver.LoginServerThread	LoginServerThread: Connecting to login on 127.0.0.1:9014
2026.03.20 19:27:51,402	WARNING	192	org.l2jmobius.gameserver.LoginServerThread	LoginServerThread: LoginServer not available, trying to reconnect...
2026.03.20 19:27:56,405	INFO	192	org.l2jmobius.gameserver.LoginServerThread	LoginServerThread: Connecting to login on 127.0.0.1:9014
2026.03.20 19:27:56,406	WARNING	192	org.l2jmobius.gameserver.LoginServerThread	LoginServerThread: LoginServer not available, trying to reconnect...
2026.03.20 19:28:01,410	INFO	192	org.l2jmobius.gameserver.LoginServerThread	LoginServerThread: Connecting to login on 127.0.0.1:9014
2026.03.20 19:28:01,410	WARNING	192	org.l2jmobius.gameserver.LoginServerThread	LoginServerThread: LoginServer not available, trying to reconnect...
2026.03.20 19:28:06,416	INFO	192	org.l2jmobius.gameserver.LoginServerThread	LoginServerThread: Connecting to login on 127.0.0.1:9014
2026.03.20 19:28:06,417	WARNING	192	org.l2jmobius.gameserver.LoginServerThread	LoginServerThread: LoginServer not available, trying to reconnect...
2026.03.20 19:28:11,419	INFO	192	org.l2jmobius.gameserver.LoginServerThread	LoginServerThread: Connecting to login on 127.0.0.1:9014
2026.03.20 19:28:11,419	WARNING	192	org.l2jmobius.gameserver.LoginServerThread	LoginServerThread: LoginServer not available, trying to reconnect...
2026.03.20 19:28:16,425	INFO	192	org.l2jmobius.gameserver.LoginServerThread	LoginServerThread: Connecting to login on 127.0.0.1:9014
2026.03.20 19:28:16,427	WARNING	192	org.l2jmobius.gameserver.LoginServerThread	LoginServerThread: LoginServer not available, trying to reconnect...
2026.03.20 19:28:21,431	INFO	192	org.l2jmobius.gameserver.LoginServerThread	LoginServerThread: Connecting to login on 127.0.0.1:9014
2026.03.20 19:28:21,431	WARNING	192	org.l2jmobius.gameserver.LoginServerThread	LoginServerThread: LoginServer not available, trying to reconnect...
2026.03.20 19:28:26,436	INFO	192	org.l2jmobius.gameserver.LoginServerThread	LoginServerThread: Connecting to login on 127.0.0.1:9014
2026.03.20 19:28:26,437	WARNING	192	org.l2jmobius.gameserver.LoginServerThread	LoginServerThread: LoginServer not available, trying to reconnect...
2026.03.20 19:28:31,440	INFO	192	org.l2jmobius.gameserver.LoginServerThread	LoginServerThread: Connecting to login on 127.0.0.1:9014
2026.03.20 19:28:31,441	WARNING	192	org.l2jmobius.gameserver.LoginServerThread	LoginServerThread: LoginServer not available, trying to reconnect...
2026.03.20 19:28:36,446	INFO	192	org.l2jmobius.gameserver.LoginServerThread	LoginServerThread: Connecting to login on 127.0.0.1:9014
2026.03.20 19:28:36,447	WARNING	192	org.l2jmobius.gameserver.LoginServerThread	LoginServerThread: LoginServer not available, trying to reconnect...
2026.03.20 19:28:41,450	INFO	192	org.l2jmobius.gameserver.LoginServerThread	LoginServerThread: Connecting to login on 127.0.0.1:9014
2026.03.20 19:28:41,452	WARNING	192	org.l2jmobius.gameserver.LoginServerThread	LoginServerThread: LoginServer not available, trying to reconnect...
2026.03.20 19:28:46,453	INFO	192	org.l2jmobius.gameserver.LoginServerThread	LoginServerThread: Connecting to login on 127.0.0.1:9014
2026.03.20 19:28:46,454	WARNING	192	org.l2jmobius.gameserver.LoginServerThread	LoginServerThread: LoginServer not available, trying to reconnect...
2026.03.20 19:28:51,459	INFO	192	org.l2jmobius.gameserver.LoginServerThread	LoginServerThread: Connecting to login on 127.0.0.1:9014
2026.03.20 19:28:51,460	WARNING	192	org.l2jmobius.gameserver.LoginServerThread	LoginServerThread: LoginServer not available, trying to reconnect...
2026.03.20 19:28:56,475	INFO	192	org.l2jmobius.gameserver.LoginServerThread	LoginServerThread: Connecting to login on 127.0.0.1:9014
2026.03.20 19:28:56,475	WARNING	192	org.l2jmobius.gameserver.LoginServerThread	LoginServerThread: LoginServer not available, trying to reconnect...
2026.03.20 19:29:01,476	INFO	192	org.l2jmobius.gameserver.LoginServerThread	LoginServerThread: Connecting to login on 127.0.0.1:9014
2026.03.20 19:29:01,477	WARNING	192	org.l2jmobius.gameserver.LoginServerThread	LoginServerThread: LoginServer not available, trying to reconnect...
2026.03.20 19:29:06,478	INFO	192	org.l2jmobius.gameserver.LoginServerThread	LoginServerThread: Connecting to login on 127.0.0.1:9014
2026.03.20 19:29:06,478	WARNING	192	org.l2jmobius.gameserver.LoginServerThread	LoginServerThread: LoginServer not available, trying to reconnect...
2026.03.20 19:29:11,480	INFO	192	org.l2jmobius.gameserver.LoginServerThread	LoginServerThread: Connecting to login on 127.0.0.1:9014
2026.03.20 19:29:11,481	WARNING	192	org.l2jmobius.gameserver.LoginServerThread	LoginServerThread: LoginServer not available, trying to reconnect...
2026.03.20 19:29:16,483	INFO	192	org.l2jmobius.gameserver.LoginServerThread	LoginServerThread: Connecting to login on 127.0.0.1:9014
2026.03.20 19:29:16,483	WARNING	192	org.l2jmobius.gameserver.LoginServerThread	LoginServerThread: LoginServer not available, trying to reconnect...
2026.03.20 19:29:21,485	INFO	192	org.l2jmobius.gameserver.LoginServerThread	LoginServerThread: Connecting to login on 127.0.0.1:9014
2026.03.20 19:29:21,485	WARNING	192	org.l2jmobius.gameserver.LoginServerThread	LoginServerThread: LoginServer not available, trying to reconnect...
2026.03.20 19:29:26,487	INFO	192	org.l2jmobius.gameserver.LoginServerThread	LoginServerThread: Connecting to login on 127.0.0.1:9014
2026.03.20 19:29:26,488	WARNING	192	org.l2jmobius.gameserver.LoginServerThread	LoginServerThread: LoginServer not available, trying to reconnect...
2026.03.20 19:29:31,489	INFO	192	org.l2jmobius.gameserver.LoginServerThread	LoginServerThread: Connecting to login on 127.0.0.1:9014
2026.03.20 19:29:31,489	WARNING	192	org.l2jmobius.gameserver.LoginServerThread	LoginServerThread: LoginServer not available, trying to reconnect...
2026.03.20 19:29:36,491	INFO	192	org.l2jmobius.gameserver.LoginServerThread	LoginServerThread: Connecting to login on 127.0.0.1:9014
2026.03.20 19:29:36,492	WARNING	192	org.l2jmobius.gameserver.LoginServerThread	LoginServerThread: LoginServer not available, trying to reconnect...
2026.03.20 19:29:41,493	INFO	192	org.l2jmobius.gameserver.LoginServerThread	LoginServerThread: Connecting to login on 127.0.0.1:9014
2026.03.20 19:29:41,493	WARNING	192	org.l2jmobius.gameserver.LoginServerThread	LoginServerThread: LoginServer not available, trying to reconnect...
2026.03.20 19:29:46,495	INFO	192	org.l2jmobius.gameserver.LoginServerThread	LoginServerThread: Connecting to login on 127.0.0.1:9014
2026.03.20 19:29:46,495	WARNING	192	org.l2jmobius.gameserver.LoginServerThread	LoginServerThread: LoginServer not available, trying to reconnect...
2026.03.20 19:29:51,496	INFO	192	org.l2jmobius.gameserver.LoginServerThread	LoginServerThread: Connecting to login on 127.0.0.1:9014
2026.03.20 19:29:51,496	WARNING	192	org.l2jmobius.gameserver.LoginServerThread	LoginServerThread: LoginServer not available, trying to reconnect...
2026.03.20 19:29:56,497	INFO	192	org.l2jmobius.gameserver.LoginServerThread	LoginServerThread: Connecting to login on 127.0.0.1:9014
2026.03.20 19:29:56,498	WARNING	192	org.l2jmobius.gameserver.LoginServerThread	LoginServerThread: LoginServer not available, trying to reconnect...
2026.03.20 19:30:01,500	INFO	192	org.l2jmobius.gameserver.LoginServerThread	LoginServerThread: Connecting to login on 127.0.0.1:9014
2026.03.20 19:30:01,500	WARNING	192	org.l2jmobius.gameserver.LoginServerThread	LoginServerThread: LoginServer not available, trying to reconnect...
2026.03.20 19:30:06,502	INFO	192	org.l2jmobius.gameserver.LoginServerThread	LoginServerThread: Connecting to login on 127.0.0.1:9014
2026.03.20 19:30:06,503	WARNING	192	org.l2jmobius.gameserver.LoginServerThread	LoginServerThread: LoginServer not available, trying to reconnect...
2026.03.20 19:30:11,504	INFO	192	org.l2jmobius.gameserver.LoginServerThread	LoginServerThread: Connecting to login on 127.0.0.1:9014
2026.03.20 19:30:11,504	WARNING	192	org.l2jmobius.gameserver.LoginServerThread	LoginServerThread: LoginServer not available, trying to reconnect...
2026.03.20 19:30:16,505	INFO	192	org.l2jmobius.gameserver.LoginServerThread	LoginServerThread: Connecting to login on 127.0.0.1:9014
2026.03.20 19:30:16,505	WARNING	192	org.l2jmobius.gameserver.LoginServerThread	LoginServerThread: LoginServer not available, trying to reconnect...
2026.03.20 19:30:21,507	INFO	192	org.l2jmobius.gameserver.LoginServerThread	LoginServerThread: Connecting to login on 127.0.0.1:9014
2026.03.20 19:30:21,508	WARNING	192	org.l2jmobius.gameserver.LoginServerThread	LoginServerThread: LoginServer not available, trying to reconnect...
2026.03.20 19:30:26,509	INFO	192	org.l2jmobius.gameserver.LoginServerThread	LoginServerThread: Connecting to login on 127.0.0.1:9014
2026.03.20 19:30:26,509	WARNING	192	org.l2jmobius.gameserver.LoginServerThread	LoginServerThread: LoginServer not available, trying to reconnect...
2026.03.20 19:30:31,511	INFO	192	org.l2jmobius.gameserver.LoginServerThread	LoginServerThread: Connecting to login on 127.0.0.1:9014
2026.03.20 19:30:31,512	WARNING	192	org.l2jmobius.gameserver.LoginServerThread	LoginServerThread: LoginServer not available, trying to reconnect...
2026.03.20 19:30:36,513	INFO	192	org.l2jmobius.gameserver.LoginServerThread	LoginServerThread: Connecting to login on 127.0.0.1:9014
2026.03.20 19:30:36,513	WARNING	192	org.l2jmobius.gameserver.LoginServerThread	LoginServerThread: LoginServer not available, trying to reconnect...
2026.03.20 19:30:41,515	INFO	192	org.l2jmobius.gameserver.LoginServerThread	LoginServerThread: Connecting to login on 127.0.0.1:9014
2026.03.20 19:30:41,516	WARNING	192	org.l2jmobius.gameserver.LoginServerThread	LoginServerThread: LoginServer not available, trying to reconnect...
2026.03.20 19:30:46,518	INFO	192	org.l2jmobius.gameserver.LoginServerThread	LoginServerThread: Connecting to login on 127.0.0.1:9014
2026.03.20 19:30:46,519	WARNING	192	org.l2jmobius.gameserver.LoginServerThread	LoginServerThread: LoginServer not available, trying to reconnect...
2026.03.20 19:30:51,520	INFO	192	org.l2jmobius.gameserver.LoginServerThread	LoginServerThread: Connecting to login on 127.0.0.1:9014
2026.03.20 19:30:51,521	WARNING	192	org.l2jmobius.gameserver.LoginServerThread	LoginServerThread: LoginServer not available, trying to reconnect...
2026.03.20 19:30:56,522	INFO	192	org.l2jmobius.gameserver.LoginServerThread	LoginServerThread: Connecting to login on 127.0.0.1:9014
2026.03.20 19:30:56,523	WARNING	192	org.l2jmobius.gameserver.LoginServerThread	LoginServerThread: LoginServer not available, trying to reconnect...
2026.03.20 19:31:01,524	INFO	192	org.l2jmobius.gameserver.LoginServerThread	LoginServerThread: Connecting to login on 127.0.0.1:9014
2026.03.20 19:31:01,524	WARNING	192	org.l2jmobius.gameserver.LoginServerThread	LoginServerThread: LoginServer not available, trying to reconnect...
2026.03.20 19:31:06,525	INFO	192	org.l2jmobius.gameserver.LoginServerThread	LoginServerThread: Connecting to login on 127.0.0.1:9014
2026.03.20 19:31:06,525	WARNING	192	org.l2jmobius.gameserver.LoginServerThread	LoginServerThread: LoginServer not available, trying to reconnect...
2026.03.20 19:31:11,526	INFO	192	org.l2jmobius.gameserver.LoginServerThread	LoginServerThread: Connecting to login on 127.0.0.1:9014
2026.03.20 19:31:11,527	WARNING	192	org.l2jmobius.gameserver.LoginServerThread	LoginServerThread: LoginServer not available, trying to reconnect...
2026.03.20 19:31:16,528	INFO	192	org.l2jmobius.gameserver.LoginServerThread	LoginServerThread: Connecting to login on 127.0.0.1:9014
2026.03.20 19:31:16,529	WARNING	192	org.l2jmobius.gameserver.LoginServerThread	LoginServerThread: LoginServer not available, trying to reconnect...
2026.03.20 19:31:21,529	INFO	192	org.l2jmobius.gameserver.LoginServerThread	LoginServerThread: Connecting to login on 127.0.0.1:9014
2026.03.20 19:31:21,530	WARNING	192	org.l2jmobius.gameserver.LoginServerThread	LoginServerThread: LoginServer not available, trying to reconnect...
2026.03.20 19:31:26,533	INFO	192	org.l2jmobius.gameserver.LoginServerThread	LoginServerThread: Connecting to login on 127.0.0.1:9014
2026.03.20 19:31:26,533	WARNING	192	org.l2jmobius.gameserver.LoginServerThread	LoginServerThread: LoginServer not available, trying to reconnect...
2026.03.20 19:31:31,535	INFO	192	org.l2jmobius.gameserver.LoginServerThread	LoginServerThread: Connecting to login on 127.0.0.1:9014
2026.03.20 19:31:31,535	WARNING	192	org.l2jmobius.gameserver.LoginServerThread	LoginServerThread: LoginServer not available, trying to reconnect...
2026.03.20 19:31:36,537	INFO	192	org.l2jmobius.gameserver.LoginServerThread	LoginServerThread: Connecting to login on 127.0.0.1:9014
2026.03.20 19:31:36,537	WARNING	192	org.l2jmobius.gameserver.LoginServerThread	LoginServerThread: LoginServer not available, trying to reconnect...
2026.03.20 19:31:41,538	INFO	192	org.l2jmobius.gameserver.LoginServerThread	LoginServerThread: Connecting to login on 127.0.0.1:9014
2026.03.20 19:31:41,539	WARNING	192	org.l2jmobius.gameserver.LoginServerThread	LoginServerThread: LoginServer not available, trying to reconnect...
2026.03.20 19:31:46,540	INFO	192	org.l2jmobius.gameserver.LoginServerThread	LoginServerThread: Connecting to login on 127.0.0.1:9014
2026.03.20 19:31:46,540	WARNING	192	org.l2jmobius.gameserver.LoginServerThread	LoginServerThread: LoginServer not available, trying to reconnect...
2026.03.20 19:31:51,543	INFO	192	org.l2jmobius.gameserver.LoginServerThread	LoginServerThread: Connecting to login on 127.0.0.1:9014
2026.03.20 19:31:51,543	WARNING	192	org.l2jmobius.gameserver.LoginServerThread	LoginServerThread: LoginServer not available, trying to reconnect...
2026.03.20 19:31:56,544	INFO	192	org.l2jmobius.gameserver.LoginServerThread	LoginServerThread: Connecting to login on 127.0.0.1:9014
2026.03.20 19:31:56,544	WARNING	192	org.l2jmobius.gameserver.LoginServerThread	LoginServerThread: LoginServer not available, trying to reconnect...
2026.03.20 19:32:01,546	INFO	192	org.l2jmobius.gameserver.LoginServerThread	LoginServerThread: Connecting to login on 127.0.0.1:9014
2026.03.20 19:32:01,546	WARNING	192	org.l2jmobius.gameserver.LoginServerThread	LoginServerThread: LoginServer not available, trying to reconnect...
2026.03.20 19:32:06,547	INFO	192	org.l2jmobius.gameserver.LoginServerThread	LoginServerThread: Connecting to login on 127.0.0.1:9014
2026.03.20 19:32:06,547	WARNING	192	org.l2jmobius.gameserver.LoginServerThread	LoginServerThread: LoginServer not available, trying to reconnect...
2026.03.20 19:32:11,547	INFO	192	org.l2jmobius.gameserver.LoginServerThread	LoginServerThread: Connecting to login on 127.0.0.1:9014
2026.03.20 19:32:11,547	WARNING	192	org.l2jmobius.gameserver.LoginServerThread	LoginServerThread: LoginServer not available, trying to reconnect...
2026.03.20 19:32:16,549	INFO	192	org.l2jmobius.gameserver.LoginServerThread	LoginServerThread: Connecting to login on 127.0.0.1:9014
2026.03.20 19:32:16,550	WARNING	192	org.l2jmobius.gameserver.LoginServerThread	LoginServerThread: LoginServer not available, trying to reconnect...
2026.03.20 19:32:21,551	INFO	192	org.l2jmobius.gameserver.LoginServerThread	LoginServerThread: Connecting to login on 127.0.0.1:9014
2026.03.20 19:32:21,551	WARNING	192	org.l2jmobius.gameserver.LoginServerThread	LoginServerThread: LoginServer not available, trying to reconnect...
2026.03.20 19:32:26,553	INFO	192	org.l2jmobius.gameserver.LoginServerThread	LoginServerThread: Connecting to login on 127.0.0.1:9014
2026.03.20 19:32:26,554	WARNING	192	org.l2jmobius.gameserver.LoginServerThread	LoginServerThread: LoginServer not available, trying to reconnect...
2026.03.20 19:32:31,554	INFO	192	org.l2jmobius.gameserver.LoginServerThread	LoginServerThread: Connecting to login on 127.0.0.1:9014
2026.03.20 19:32:31,554	WARNING	192	org.l2jmobius.gameserver.LoginServerThread	LoginServerThread: LoginServer not available, trying to reconnect...
2026.03.20 19:32:36,555	INFO	192	org.l2jmobius.gameserver.LoginServerThread	LoginServerThread: Connecting to login on 127.0.0.1:9014
2026.03.20 19:32:36,555	WARNING	192	org.l2jmobius.gameserver.LoginServerThread	LoginServerThread: LoginServer not available, trying to reconnect...
2026.03.20 19:32:41,556	INFO	192	org.l2jmobius.gameserver.LoginServerThread	LoginServerThread: Connecting to login on 127.0.0.1:9014
2026.03.20 19:32:41,556	WARNING	192	org.l2jmobius.gameserver.LoginServerThread	LoginServerThread: LoginServer not available, trying to reconnect...
2026.03.20 19:32:46,559	INFO	192	org.l2jmobius.gameserver.LoginServerThread	LoginServerThread: Connecting to login on 127.0.0.1:9014
2026.03.20 19:32:46,560	WARNING	192	org.l2jmobius.gameserver.LoginServerThread	LoginServerThread: LoginServer not available, trying to reconnect...
2026.03.20 19:32:51,561	INFO	192	org.l2jmobius.gameserver.LoginServerThread	LoginServerThread: Connecting to login on 127.0.0.1:9014
2026.03.20 19:32:51,562	WARNING	192	org.l2jmobius.gameserver.LoginServerThread	LoginServerThread: LoginServer not available, trying to reconnect...
2026.03.20 19:32:56,564	INFO	192	org.l2jmobius.gameserver.LoginServerThread	LoginServerThread: Connecting to login on 127.0.0.1:9014
2026.03.20 19:32:56,564	WARNING	192	org.l2jmobius.gameserver.LoginServerThread	LoginServerThread: LoginServer not available, trying to reconnect...
2026.03.20 19:33:01,566	INFO	192	org.l2jmobius.gameserver.LoginServerThread	LoginServerThread: Connecting to login on 127.0.0.1:9014
2026.03.20 19:33:01,566	WARNING	192	org.l2jmobius.gameserver.LoginServerThread	LoginServerThread: LoginServer not available, trying to reconnect...
2026.03.20 19:33:06,567	INFO	192	org.l2jmobius.gameserver.LoginServerThread	LoginServerThread: Connecting to login on 127.0.0.1:9014
2026.03.20 19:33:06,568	WARNING	192	org.l2jmobius.gameserver.LoginServerThread	LoginServerThread: LoginServer not available, trying to reconnect...
2026.03.20 19:33:11,569	INFO	192	org.l2jmobius.gameserver.LoginServerThread	LoginServerThread: Connecting to login on 127.0.0.1:9014
2026.03.20 19:33:11,569	WARNING	192	org.l2jmobius.gameserver.LoginServerThread	LoginServerThread: LoginServer not available, trying to reconnect...
2026.03.20 19:33:16,571	INFO	192	org.l2jmobius.gameserver.LoginServerThread	LoginServerThread: Connecting to login on 127.0.0.1:9014
2026.03.20 19:33:16,571	WARNING	192	org.l2jmobius.gameserver.LoginServerThread	LoginServerThread: LoginServer not available, trying to reconnect...
2026.03.20 19:33:21,573	INFO	192	org.l2jmobius.gameserver.LoginServerThread	LoginServerThread: Connecting to login on 127.0.0.1:9014
2026.03.20 19:33:21,574	WARNING	192	org.l2jmobius.gameserver.LoginServerThread	LoginServerThread: LoginServer not available, trying to reconnect...
2026.03.20 19:33:26,575	INFO	192	org.l2jmobius.gameserver.LoginServerThread	LoginServerThread: Connecting to login on 127.0.0.1:9014
2026.03.20 19:33:26,575	WARNING	192	org.l2jmobius.gameserver.LoginServerThread	LoginServerThread: LoginServer not available, trying to reconnect...
2026.03.20 19:33:31,576	INFO	192	org.l2jmobius.gameserver.LoginServerThread	LoginServerThread: Connecting to login on 127.0.0.1:9014
2026.03.20 19:33:31,577	WARNING	192	org.l2jmobius.gameserver.LoginServerThread	LoginServerThread: LoginServer not available, trying to reconnect...
2026.03.20 19:33:36,578	INFO	192	org.l2jmobius.gameserver.LoginServerThread	LoginServerThread: Connecting to login on 127.0.0.1:9014
2026.03.20 19:33:36,579	WARNING	192	org.l2jmobius.gameserver.LoginServerThread	LoginServerThread: LoginServer not available, trying to reconnect...
2026.03.20 19:33:41,580	INFO	192	org.l2jmobius.gameserver.LoginServerThread	LoginServerThread: Connecting to login on 127.0.0.1:9014
2026.03.20 19:33:41,581	WARNING	192	org.l2jmobius.gameserver.LoginServerThread	LoginServerThread: LoginServer not available, trying to reconnect...
2026.03.20 19:33:46,582	INFO	192	org.l2jmobius.gameserver.LoginServerThread	LoginServerThread: Connecting to login on 127.0.0.1:9014
2026.03.20 19:33:46,582	WARNING	192	org.l2jmobius.gameserver.LoginServerThread	LoginServerThread: LoginServer not available, trying to reconnect...
2026.03.20 19:33:51,583	INFO	192	org.l2jmobius.gameserver.LoginServerThread	LoginServerThread: Connecting to login on 127.0.0.1:9014
2026.03.20 19:33:51,584	WARNING	192	org.l2jmobius.gameserver.LoginServerThread	LoginServerThread: LoginServer not available, trying to reconnect...
2026.03.20 19:33:56,586	INFO	192	org.l2jmobius.gameserver.LoginServerThread	LoginServerThread: Connecting to login on 127.0.0.1:9014
2026.03.20 19:33:56,586	WARNING	192	org.l2jmobius.gameserver.LoginServerThread	LoginServerThread: LoginServer not available, trying to reconnect...
2026.03.20 19:34:01,587	INFO	192	org.l2jmobius.gameserver.LoginServerThread	LoginServerThread: Connecting to login on 127.0.0.1:9014
2026.03.20 19:34:01,588	WARNING	192	org.l2jmobius.gameserver.LoginServerThread	LoginServerThread: LoginServer not available, trying to reconnect...
2026.03.20 19:34:06,589	INFO	192	org.l2jmobius.gameserver.LoginServerThread	LoginServerThread: Connecting to login on 127.0.0.1:9014
2026.03.20 19:34:06,590	WARNING	192	org.l2jmobius.gameserver.LoginServerThread	LoginServerThread: LoginServer not available, trying to reconnect...
2026.03.20 19:34:11,592	INFO	192	org.l2jmobius.gameserver.LoginServerThread	LoginServerThread: Connecting to login on 127.0.0.1:9014
2026.03.20 19:34:11,592	WARNING	192	org.l2jmobius.gameserver.LoginServerThread	LoginServerThread: LoginServer not available, trying to reconnect...
2026.03.20 19:34:16,593	INFO	192	org.l2jmobius.gameserver.LoginServerThread	LoginServerThread: Connecting to login on 127.0.0.1:9014
2026.03.20 19:34:16,594	WARNING	192	org.l2jmobius.gameserver.LoginServerThread	LoginServerThread: LoginServer not available, trying to reconnect...
2026.03.20 19:34:21,595	INFO	192	org.l2jmobius.gameserver.LoginServerThread	LoginServerThread: Connecting to login on 127.0.0.1:9014
2026.03.20 19:34:21,595	WARNING	192	org.l2jmobius.gameserver.LoginServerThread	LoginServerThread: LoginServer not available, trying to reconnect...
2026.03.20 19:34:26,596	INFO	192	org.l2jmobius.gameserver.LoginServerThread	LoginServerThread: Connecting to login on 127.0.0.1:9014
2026.03.20 19:34:26,596	WARNING	192	org.l2jmobius.gameserver.LoginServerThread	LoginServerThread: LoginServer not available, trying to reconnect...
2026.03.20 19:34:31,599	INFO	192	org.l2jmobius.gameserver.LoginServerThread	LoginServerThread: Connecting to login on 127.0.0.1:9014
2026.03.20 19:34:31,599	WARNING	192	org.l2jmobius.gameserver.LoginServerThread	LoginServerThread: LoginServer not available, trying to reconnect...
2026.03.20 19:34:36,601	INFO	192	org.l2jmobius.gameserver.LoginServerThread	LoginServerThread: Connecting to login on 127.0.0.1:9014
2026.03.20 19:34:36,601	WARNING	192	org.l2jmobius.gameserver.LoginServerThread	LoginServerThread: LoginServer not available, trying to reconnect...
2026.03.20 19:34:41,602	INFO	192	org.l2jmobius.gameserver.LoginServerThread	LoginServerThread: Connecting to login on 127.0.0.1:9014
2026.03.20 19:34:41,602	WARNING	192	org.l2jmobius.gameserver.LoginServerThread	LoginServerThread: LoginServer not available, trying to reconnect...
2026.03.20 19:34:46,604	INFO	192	org.l2jmobius.gameserver.LoginServerThread	LoginServerThread: Connecting to login on 127.0.0.1:9014
2026.03.20 19:34:46,604	WARNING	192	org.l2jmobius.gameserver.LoginServerThread	LoginServerThread: LoginServer not available, trying to reconnect...
2026.03.20 19:34:51,605	INFO	192	org.l2jmobius.gameserver.LoginServerThread	LoginServerThread: Connecting to login on 127.0.0.1:9014
2026.03.20 19:34:51,606	WARNING	192	org.l2jmobius.gameserver.LoginServerThread	LoginServerThread: LoginServer not available, trying to reconnect...
2026.03.20 19:34:56,607	INFO	192	org.l2jmobius.gameserver.LoginServerThread	LoginServerThread: Connecting to login on 127.0.0.1:9014
2026.03.20 19:34:56,608	WARNING	192	org.l2jmobius.gameserver.LoginServerThread	LoginServerThread: LoginServer not available, trying to reconnect...
2026.03.20 19:35:01,609	INFO	192	org.l2jmobius.gameserver.LoginServerThread	LoginServerThread: Connecting to login on 127.0.0.1:9014
2026.03.20 19:35:01,610	WARNING	192	org.l2jmobius.gameserver.LoginServerThread	LoginServerThread: LoginServer not available, trying to reconnect...
2026.03.20 19:35:06,611	INFO	192	org.l2jmobius.gameserver.LoginServerThread	LoginServerThread: Connecting to login on 127.0.0.1:9014
2026.03.20 19:35:06,612	WARNING	192	org.l2jmobius.gameserver.LoginServerThread	LoginServerThread: LoginServer not available, trying to reconnect...
2026.03.20 19:35:11,612	INFO	192	org.l2jmobius.gameserver.LoginServerThread	LoginServerThread: Connecting to login on 127.0.0.1:9014
2026.03.20 19:35:11,613	WARNING	192	org.l2jmobius.gameserver.LoginServerThread	LoginServerThread: LoginServer not available, trying to reconnect...
2026.03.20 19:35:16,614	INFO	192	org.l2jmobius.gameserver.LoginServerThread	LoginServerThread: Connecting to login on 127.0.0.1:9014
2026.03.20 19:35:16,615	WARNING	192	org.l2jmobius.gameserver.LoginServerThread	LoginServerThread: LoginServer not available, trying to reconnect...
2026.03.20 19:35:21,616	INFO	192	org.l2jmobius.gameserver.LoginServerThread	LoginServerThread: Connecting to login on 127.0.0.1:9014
2026.03.20 19:35:21,616	WARNING	192	org.l2jmobius.gameserver.LoginServerThread	LoginServerThread: LoginServer not available, trying to reconnect...
2026.03.20 19:35:26,618	INFO	192	org.l2jmobius.gameserver.LoginServerThread	LoginServerThread: Connecting to login on 127.0.0.1:9014
2026.03.20 19:35:26,618	WARNING	192	org.l2jmobius.gameserver.LoginServerThread	LoginServerThread: LoginServer not available, trying to reconnect...
2026.03.20 19:35:31,620	INFO	192	org.l2jmobius.gameserver.LoginServerThread	LoginServerThread: Connecting to login on 127.0.0.1:9014
2026.03.20 19:35:31,620	WARNING	192	org.l2jmobius.gameserver.LoginServerThread	LoginServerThread: LoginServer not available, trying to reconnect...
2026.03.20 19:35:36,621	INFO	192	org.l2jmobius.gameserver.LoginServerThread	LoginServerThread: Connecting to login on 127.0.0.1:9014
2026.03.20 19:35:36,622	WARNING	192	org.l2jmobius.gameserver.LoginServerThread	LoginServerThread: LoginServer not available, trying to reconnect...
2026.03.20 19:35:41,624	INFO	192	org.l2jmobius.gameserver.LoginServerThread	LoginServerThread: Connecting to login on 127.0.0.1:9014
2026.03.20 19:35:41,624	WARNING	192	org.l2jmobius.gameserver.LoginServerThread	LoginServerThread: LoginServer not available, trying to reconnect...
2026.03.20 19:35:46,624	INFO	192	org.l2jmobius.gameserver.LoginServerThread	LoginServerThread: Connecting to login on 127.0.0.1:9014
2026.03.20 19:35:46,624	WARNING	192	org.l2jmobius.gameserver.LoginServerThread	LoginServerThread: LoginServer not available, trying to reconnect...
2026.03.20 19:35:51,625	INFO	192	org.l2jmobius.gameserver.LoginServerThread	LoginServerThread: Connecting to login on 127.0.0.1:9014
2026.03.20 19:35:51,625	WARNING	192	org.l2jmobius.gameserver.LoginServerThread	LoginServerThread: LoginServer not available, trying to reconnect...
2026.03.20 19:35:56,627	INFO	192	org.l2jmobius.gameserver.LoginServerThread	LoginServerThread: Connecting to login on 127.0.0.1:9014
2026.03.20 19:35:56,628	WARNING	192	org.l2jmobius.gameserver.LoginServerThread	LoginServerThread: LoginServer not available, trying to reconnect...
2026.03.20 19:36:01,629	INFO	192	org.l2jmobius.gameserver.LoginServerThread	LoginServerThread: Connecting to login on 127.0.0.1:9014
2026.03.20 19:36:01,629	WARNING	192	org.l2jmobius.gameserver.LoginServerThread	LoginServerThread: LoginServer not available, trying to reconnect...
2026.03.20 19:36:06,631	INFO	192	org.l2jmobius.gameserver.LoginServerThread	LoginServerThread: Connecting to login on 127.0.0.1:9014
2026.03.20 19:36:06,631	WARNING	192	org.l2jmobius.gameserver.LoginServerThread	LoginServerThread: LoginServer not available, trying to reconnect...
2026.03.20 19:36:11,632	INFO	192	org.l2jmobius.gameserver.LoginServerThread	LoginServerThread: Connecting to login on 127.0.0.1:9014
2026.03.20 19:36:11,633	WARNING	192	org.l2jmobius.gameserver.LoginServerThread	LoginServerThread: LoginServer not available, trying to reconnect...
2026.03.20 19:36:16,633	INFO	192	org.l2jmobius.gameserver.LoginServerThread	LoginServerThread: Connecting to login on 127.0.0.1:9014
2026.03.20 19:36:16,633	WARNING	192	org.l2jmobius.gameserver.LoginServerThread	LoginServerThread: LoginServer not available, trying to reconnect...
2026.03.20 19:36:21,635	INFO	192	org.l2jmobius.gameserver.LoginServerThread	LoginServerThread: Connecting to login on 127.0.0.1:9014
2026.03.20 19:36:21,635	WARNING	192	org.l2jmobius.gameserver.LoginServerThread	LoginServerThread: LoginServer not available, trying to reconnect...
2026.03.20 19:36:26,637	INFO	192	org.l2jmobius.gameserver.LoginServerThread	LoginServerThread: Connecting to login on 127.0.0.1:9014
2026.03.20 19:36:26,637	WARNING	192	org.l2jmobius.gameserver.LoginServerThread	LoginServerThread: LoginServer not available, trying to reconnect...
2026.03.20 19:36:31,639	INFO	192	org.l2jmobius.gameserver.LoginServerThread	LoginServerThread: Connecting to login on 127.0.0.1:9014
2026.03.20 19:36:31,640	WARNING	192	org.l2jmobius.gameserver.LoginServerThread	LoginServerThread: LoginServer not available, trying to reconnect...
2026.03.20 19:36:36,641	INFO	192	org.l2jmobius.gameserver.LoginServerThread	LoginServerThread: Connecting to login on 127.0.0.1:9014
2026.03.20 19:36:36,642	WARNING	192	org.l2jmobius.gameserver.LoginServerThread	LoginServerThread: LoginServer not available, trying to reconnect...
2026.03.20 19:36:41,643	INFO	192	org.l2jmobius.gameserver.LoginServerThread	LoginServerThread: Connecting to login on 127.0.0.1:9014
2026.03.20 19:36:41,644	WARNING	192	org.l2jmobius.gameserver.LoginServerThread	LoginServerThread: LoginServer not available, trying to reconnect...
2026.03.20 19:36:46,645	INFO	192	org.l2jmobius.gameserver.LoginServerThread	LoginServerThread: Connecting to login on 127.0.0.1:9014
2026.03.20 19:36:46,646	WARNING	192	org.l2jmobius.gameserver.LoginServerThread	LoginServerThread: LoginServer not available, trying to reconnect...
2026.03.20 19:36:51,648	INFO	192	org.l2jmobius.gameserver.LoginServerThread	LoginServerThread: Connecting to login on 127.0.0.1:9014
2026.03.20 19:36:51,649	WARNING	192	org.l2jmobius.gameserver.LoginServerThread	LoginServerThread: LoginServer not available, trying to reconnect...
2026.03.20 19:36:56,650	INFO	192	org.l2jmobius.gameserver.LoginServerThread	LoginServerThread: Connecting to login on 127.0.0.1:9014
2026.03.20 19:36:56,651	WARNING	192	org.l2jmobius.gameserver.LoginServerThread	LoginServerThread: LoginServer not available, trying to reconnect...
2026.03.20 19:37:01,653	INFO	192	org.l2jmobius.gameserver.LoginServerThread	LoginServerThread: Connecting to login on 127.0.0.1:9014
2026.03.20 19:37:01,654	WARNING	192	org.l2jmobius.gameserver.LoginServerThread	LoginServerThread: LoginServer not available, trying to reconnect...
2026.03.20 19:37:06,655	INFO	192	org.l2jmobius.gameserver.LoginServerThread	LoginServerThread: Connecting to login on 127.0.0.1:9014
2026.03.20 19:37:06,655	WARNING	192	org.l2jmobius.gameserver.LoginServerThread	LoginServerThread: LoginServer not available, trying to reconnect...
2026.03.20 19:37:11,658	INFO	192	org.l2jmobius.gameserver.LoginServerThread	LoginServerThread: Connecting to login on 127.0.0.1:9014
2026.03.20 19:37:11,659	WARNING	192	org.l2jmobius.gameserver.LoginServerThread	LoginServerThread: LoginServer not available, trying to reconnect...
2026.03.20 19:37:16,659	INFO	192	org.l2jmobius.gameserver.LoginServerThread	LoginServerThread: Connecting to login on 127.0.0.1:9014
2026.03.20 19:37:16,659	WARNING	192	org.l2jmobius.gameserver.LoginServerThread	LoginServerThread: LoginServer not available, trying to reconnect...
2026.03.20 19:37:21,660	INFO	192	org.l2jmobius.gameserver.LoginServerThread	LoginServerThread: Connecting to login on 127.0.0.1:9014
2026.03.20 19:37:21,660	WARNING	192	org.l2jmobius.gameserver.LoginServerThread	LoginServerThread: LoginServer not available, trying to reconnect...
2026.03.20 19:37:26,661	INFO	192	org.l2jmobius.gameserver.LoginServerThread	LoginServerThread: Connecting to login on 127.0.0.1:9014
2026.03.20 19:37:26,662	WARNING	192	org.l2jmobius.gameserver.LoginServerThread	LoginServerThread: LoginServer not available, trying to reconnect...
2026.03.20 19:37:31,663	INFO	192	org.l2jmobius.gameserver.LoginServerThread	LoginServerThread: Connecting to login on 127.0.0.1:9014
2026.03.20 19:37:31,664	WARNING	192	org.l2jmobius.gameserver.LoginServerThread	LoginServerThread: LoginServer not available, trying to reconnect...
2026.03.20 19:37:36,665	INFO	192	org.l2jmobius.gameserver.LoginServerThread	LoginServerThread: Connecting to login on 127.0.0.1:9014
2026.03.20 19:37:36,666	WARNING	192	org.l2jmobius.gameserver.LoginServerThread	LoginServerThread: LoginServer not available, trying to reconnect...
2026.03.20 19:37:41,669	INFO	192	org.l2jmobius.gameserver.LoginServerThread	LoginServerThread: Connecting to login on 127.0.0.1:9014
2026.03.20 19:37:41,669	WARNING	192	org.l2jmobius.gameserver.LoginServerThread	LoginServerThread: LoginServer not available, trying to reconnect...
2026.03.20 19:37:46,670	INFO	192	org.l2jmobius.gameserver.LoginServerThread	LoginServerThread: Connecting to login on 127.0.0.1:9014
2026.03.20 19:37:46,670	WARNING	192	org.l2jmobius.gameserver.LoginServerThread	LoginServerThread: LoginServer not available, trying to reconnect...
2026.03.20 19:37:51,671	INFO	192	org.l2jmobius.gameserver.LoginServerThread	LoginServerThread: Connecting to login on 127.0.0.1:9014
2026.03.20 19:37:51,672	WARNING	192	org.l2jmobius.gameserver.LoginServerThread	LoginServerThread: LoginServer not available, trying to reconnect...
2026.03.20 19:37:56,673	INFO	192	org.l2jmobius.gameserver.LoginServerThread	LoginServerThread: Connecting to login on 127.0.0.1:9014
2026.03.20 19:37:56,673	WARNING	192	org.l2jmobius.gameserver.LoginServerThread	LoginServerThread: LoginServer not available, trying to reconnect...
2026.03.20 19:38:01,675	INFO	192	org.l2jmobius.gameserver.LoginServerThread	LoginServerThread: Connecting to login on 127.0.0.1:9014
2026.03.20 19:38:01,675	WARNING	192	org.l2jmobius.gameserver.LoginServerThread	LoginServerThread: LoginServer not available, trying to reconnect...
2026.03.20 19:38:06,676	INFO	192	org.l2jmobius.gameserver.LoginServerThread	LoginServerThread: Connecting to login on 127.0.0.1:9014
2026.03.20 19:38:06,676	WARNING	192	org.l2jmobius.gameserver.LoginServerThread	LoginServerThread: LoginServer not available, trying to reconnect...
2026.03.20 19:38:11,678	INFO	192	org.l2jmobius.gameserver.LoginServerThread	LoginServerThread: Connecting to login on 127.0.0.1:9014
2026.03.20 19:38:11,678	WARNING	192	org.l2jmobius.gameserver.LoginServerThread	LoginServerThread: LoginServer not available, trying to reconnect...
2026.03.20 19:38:16,680	INFO	192	org.l2jmobius.gameserver.LoginServerThread	LoginServerThread: Connecting to login on 127.0.0.1:9014
2026.03.20 19:38:16,681	WARNING	192	org.l2jmobius.gameserver.LoginServerThread	LoginServerThread: LoginServer not available, trying to reconnect...
2026.03.20 19:38:21,682	INFO	192	org.l2jmobius.gameserver.LoginServerThread	LoginServerThread: Connecting to login on 127.0.0.1:9014
2026.03.20 19:38:21,682	WARNING	192	org.l2jmobius.gameserver.LoginServerThread	LoginServerThread: LoginServer not available, trying to reconnect...
2026.03.20 19:38:26,683	INFO	192	org.l2jmobius.gameserver.LoginServerThread	LoginServerThread: Connecting to login on 127.0.0.1:9014
2026.03.20 19:38:26,683	WARNING	192	org.l2jmobius.gameserver.LoginServerThread	LoginServerThread: LoginServer not available, trying to reconnect...
2026.03.20 19:38:31,685	INFO	192	org.l2jmobius.gameserver.LoginServerThread	LoginServerThread: Connecting to login on 127.0.0.1:9014
2026.03.20 19:38:31,685	WARNING	192	org.l2jmobius.gameserver.LoginServerThread	LoginServerThread: LoginServer not available, trying to reconnect...
2026.03.20 19:38:36,686	INFO	192	org.l2jmobius.gameserver.LoginServerThread	LoginServerThread: Connecting to login on 127.0.0.1:9014
2026.03.20 19:38:36,686	WARNING	192	org.l2jmobius.gameserver.LoginServerThread	LoginServerThread: LoginServer not available, trying to reconnect...
2026.03.20 19:38:41,689	INFO	192	org.l2jmobius.gameserver.LoginServerThread	LoginServerThread: Connecting to login on 127.0.0.1:9014
2026.03.20 19:38:41,689	WARNING	192	org.l2jmobius.gameserver.LoginServerThread	LoginServerThread: LoginServer not available, trying to reconnect...
2026.03.20 19:38:46,690	INFO	192	org.l2jmobius.gameserver.LoginServerThread	LoginServerThread: Connecting to login on 127.0.0.1:9014
2026.03.20 19:38:46,691	WARNING	192	org.l2jmobius.gameserver.LoginServerThread	LoginServerThread: LoginServer not available, trying to reconnect...
2026.03.20 19:38:51,691	INFO	192	org.l2jmobius.gameserver.LoginServerThread	LoginServerThread: Connecting to login on 127.0.0.1:9014
2026.03.20 19:38:51,692	WARNING	192	org.l2jmobius.gameserver.LoginServerThread	LoginServerThread: LoginServer not available, trying to reconnect...
2026.03.20 19:38:56,692	INFO	192	org.l2jmobius.gameserver.LoginServerThread	LoginServerThread: Connecting to login on 127.0.0.1:9014
2026.03.20 19:38:56,693	WARNING	192	org.l2jmobius.gameserver.LoginServerThread	LoginServerThread: LoginServer not available, trying to reconnect...
2026.03.20 19:39:01,694	INFO	192	org.l2jmobius.gameserver.LoginServerThread	LoginServerThread: Connecting to login on 127.0.0.1:9014
2026.03.20 19:39:01,695	WARNING	192	org.l2jmobius.gameserver.LoginServerThread	LoginServerThread: LoginServer not available, trying to reconnect...
2026.03.20 19:39:06,696	INFO	192	org.l2jmobius.gameserver.LoginServerThread	LoginServerThread: Connecting to login on 127.0.0.1:9014
2026.03.20 19:39:06,698	WARNING	192	org.l2jmobius.gameserver.LoginServerThread	LoginServerThread: LoginServer not available, trying to reconnect...
2026.03.20 19:39:11,698	INFO	192	org.l2jmobius.gameserver.LoginServerThread	LoginServerThread: Connecting to login on 127.0.0.1:9014
2026.03.20 19:39:11,699	WARNING	192	org.l2jmobius.gameserver.LoginServerThread	LoginServerThread: LoginServer not available, trying to reconnect...
2026.03.20 19:39:16,700	INFO	192	org.l2jmobius.gameserver.LoginServerThread	LoginServerThread: Connecting to login on 127.0.0.1:9014
2026.03.20 19:39:16,701	WARNING	192	org.l2jmobius.gameserver.LoginServerThread	LoginServerThread: LoginServer not available, trying to reconnect...
2026.03.20 19:39:21,702	INFO	192	org.l2jmobius.gameserver.LoginServerThread	LoginServerThread: Connecting to login on 127.0.0.1:9014
2026.03.20 19:39:21,703	WARNING	192	org.l2jmobius.gameserver.LoginServerThread	LoginServerThread: LoginServer not available, trying to reconnect...
2026.03.20 19:39:26,705	INFO	192	org.l2jmobius.gameserver.LoginServerThread	LoginServerThread: Connecting to login on 127.0.0.1:9014
2026.03.20 19:39:26,706	WARNING	192	org.l2jmobius.gameserver.LoginServerThread	LoginServerThread: LoginServer not available, trying to reconnect...
2026.03.20 19:39:31,706	INFO	192	org.l2jmobius.gameserver.LoginServerThread	LoginServerThread: Connecting to login on 127.0.0.1:9014
2026.03.20 19:39:31,706	WARNING	192	org.l2jmobius.gameserver.LoginServerThread	LoginServerThread: LoginServer not available, trying to reconnect...
2026.03.20 19:39:36,709	INFO	192	org.l2jmobius.gameserver.LoginServerThread	LoginServerThread: Connecting to login on 127.0.0.1:9014
2026.03.20 19:39:36,709	WARNING	192	org.l2jmobius.gameserver.LoginServerThread	LoginServerThread: LoginServer not available, trying to reconnect...
2026.03.20 19:39:41,711	INFO	192	org.l2jmobius.gameserver.LoginServerThread	LoginServerThread: Connecting to login on 127.0.0.1:9014
2026.03.20 19:39:41,712	WARNING	192	org.l2jmobius.gameserver.LoginServerThread	LoginServerThread: LoginServer not available, trying to reconnect...
2026.03.20 19:39:46,712	INFO	192	org.l2jmobius.gameserver.LoginServerThread	LoginServerThread: Connecting to login on 127.0.0.1:9014
2026.03.20 19:39:46,713	WARNING	192	org.l2jmobius.gameserver.LoginServerThread	LoginServerThread: LoginServer not available, trying to reconnect...
2026.03.20 19:39:51,716	INFO	192	org.l2jmobius.gameserver.LoginServerThread	LoginServerThread: Connecting to login on 127.0.0.1:9014
2026.03.20 19:39:51,716	WARNING	192	org.l2jmobius.gameserver.LoginServerThread	LoginServerThread: LoginServer not available, trying to reconnect...
2026.03.20 19:39:56,717	INFO	192	org.l2jmobius.gameserver.LoginServerThread	LoginServerThread: Connecting to login on 127.0.0.1:9014
2026.03.20 19:39:56,718	WARNING	192	org.l2jmobius.gameserver.LoginServerThread	LoginServerThread: LoginServer not available, trying to reconnect...
2026.03.20 19:40:01,719	INFO	192	org.l2jmobius.gameserver.LoginServerThread	LoginServerThread: Connecting to login on 127.0.0.1:9014
2026.03.20 19:40:01,719	WARNING	192	org.l2jmobius.gameserver.LoginServerThread	LoginServerThread: LoginServer not available, trying to reconnect...
2026.03.20 19:40:06,721	INFO	192	org.l2jmobius.gameserver.LoginServerThread	LoginServerThread: Connecting to login on 127.0.0.1:9014
2026.03.20 19:40:06,722	WARNING	192	org.l2jmobius.gameserver.LoginServerThread	LoginServerThread: LoginServer not available, trying to reconnect...
2026.03.20 19:40:11,723	INFO	192	org.l2jmobius.gameserver.LoginServerThread	LoginServerThread: Connecting to login on 127.0.0.1:9014
2026.03.20 19:40:11,723	WARNING	192	org.l2jmobius.gameserver.LoginServerThread	LoginServerThread: LoginServer not available, trying to reconnect...
2026.03.20 19:40:16,725	INFO	192	org.l2jmobius.gameserver.LoginServerThread	LoginServerThread: Connecting to login on 127.0.0.1:9014
2026.03.20 19:40:16,725	WARNING	192	org.l2jmobius.gameserver.LoginServerThread	LoginServerThread: LoginServer not available, trying to reconnect...
2026.03.20 19:40:21,728	INFO	192	org.l2jmobius.gameserver.LoginServerThread	LoginServerThread: Connecting to login on 127.0.0.1:9014
2026.03.20 19:40:21,728	WARNING	192	org.l2jmobius.gameserver.LoginServerThread	LoginServerThread: LoginServer not available, trying to reconnect...
2026.03.20 19:40:26,730	INFO	192	org.l2jmobius.gameserver.LoginServerThread	LoginServerThread: Connecting to login on 127.0.0.1:9014
2026.03.20 19:40:26,730	WARNING	192	org.l2jmobius.gameserver.LoginServerThread	LoginServerThread: LoginServer not available, trying to reconnect...
2026.03.20 19:40:31,731	INFO	192	org.l2jmobius.gameserver.LoginServerThread	LoginServerThread: Connecting to login on 127.0.0.1:9014
2026.03.20 19:40:31,732	WARNING	192	org.l2jmobius.gameserver.LoginServerThread	LoginServerThread: LoginServer not available, trying to reconnect...
2026.03.20 19:40:36,733	INFO	192	org.l2jmobius.gameserver.LoginServerThread	LoginServerThread: Connecting to login on 127.0.0.1:9014
2026.03.20 19:40:36,733	WARNING	192	org.l2jmobius.gameserver.LoginServerThread	LoginServerThread: LoginServer not available, trying to reconnect...
2026.03.20 19:40:41,734	INFO	192	org.l2jmobius.gameserver.LoginServerThread	LoginServerThread: Connecting to login on 127.0.0.1:9014
2026.03.20 19:40:41,734	WARNING	192	org.l2jmobius.gameserver.LoginServerThread	LoginServerThread: LoginServer not available, trying to reconnect...
2026.03.20 19:40:46,736	INFO	192	org.l2jmobius.gameserver.LoginServerThread	LoginServerThread: Connecting to login on 127.0.0.1:9014
2026.03.20 19:40:46,737	WARNING	192	org.l2jmobius.gameserver.LoginServerThread	LoginServerThread: LoginServer not available, trying to reconnect...
2026.03.20 19:40:51,738	INFO	192	org.l2jmobius.gameserver.LoginServerThread	LoginServerThread: Connecting to login on 127.0.0.1:9014
2026.03.20 19:40:51,738	WARNING	192	org.l2jmobius.gameserver.LoginServerThread	LoginServerThread: LoginServer not available, trying to reconnect...
2026.03.20 19:40:56,740	INFO	192	org.l2jmobius.gameserver.LoginServerThread	LoginServerThread: Connecting to login on 127.0.0.1:9014
2026.03.20 19:40:56,741	WARNING	192	org.l2jmobius.gameserver.LoginServerThread	LoginServerThread: LoginServer not available, trying to reconnect...
2026.03.20 19:41:01,741	INFO	192	org.l2jmobius.gameserver.LoginServerThread	LoginServerThread: Connecting to login on 127.0.0.1:9014
2026.03.20 19:41:01,742	WARNING	192	org.l2jmobius.gameserver.LoginServerThread	LoginServerThread: LoginServer not available, trying to reconnect...
2026.03.20 19:41:06,744	INFO	192	org.l2jmobius.gameserver.LoginServerThread	LoginServerThread: Connecting to login on 127.0.0.1:9014
2026.03.20 19:41:06,744	WARNING	192	org.l2jmobius.gameserver.LoginServerThread	LoginServerThread: LoginServer not available, trying to reconnect...
2026.03.20 19:41:11,746	INFO	192	org.l2jmobius.gameserver.LoginServerThread	LoginServerThread: Connecting to login on 127.0.0.1:9014
2026.03.20 19:41:11,746	WARNING	192	org.l2jmobius.gameserver.LoginServerThread	LoginServerThread: LoginServer not available, trying to reconnect...
2026.03.20 19:41:16,749	INFO	192	org.l2jmobius.gameserver.LoginServerThread	LoginServerThread: Connecting to login on 127.0.0.1:9014
2026.03.20 19:41:16,750	WARNING	192	org.l2jmobius.gameserver.LoginServerThread	LoginServerThread: LoginServer not available, trying to reconnect...
2026.03.20 19:41:21,751	INFO	192	org.l2jmobius.gameserver.LoginServerThread	LoginServerThread: Connecting to login on 127.0.0.1:9014
2026.03.20 19:41:21,752	WARNING	192	org.l2jmobius.gameserver.LoginServerThread	LoginServerThread: LoginServer not available, trying to reconnect...
2026.03.20 19:41:26,753	INFO	192	org.l2jmobius.gameserver.LoginServerThread	LoginServerThread: Connecting to login on 127.0.0.1:9014
2026.03.20 19:41:26,753	WARNING	192	org.l2jmobius.gameserver.LoginServerThread	LoginServerThread: LoginServer not available, trying to reconnect...
2026.03.20 19:41:31,754	INFO	192	org.l2jmobius.gameserver.LoginServerThread	LoginServerThread: Connecting to login on 127.0.0.1:9014
2026.03.20 19:41:31,756	WARNING	192	org.l2jmobius.gameserver.LoginServerThread	LoginServerThread: LoginServer not available, trying to reconnect...
2026.03.20 19:41:36,757	INFO	192	org.l2jmobius.gameserver.LoginServerThread	LoginServerThread: Connecting to login on 127.0.0.1:9014
2026.03.20 19:41:36,758	WARNING	192	org.l2jmobius.gameserver.LoginServerThread	LoginServerThread: LoginServer not available, trying to reconnect...
2026.03.20 19:41:41,758	INFO	192	org.l2jmobius.gameserver.LoginServerThread	LoginServerThread: Connecting to login on 127.0.0.1:9014
2026.03.20 19:41:41,759	WARNING	192	org.l2jmobius.gameserver.LoginServerThread	LoginServerThread: LoginServer not available, trying to reconnect...
2026.03.20 19:41:46,760	INFO	192	org.l2jmobius.gameserver.LoginServerThread	LoginServerThread: Connecting to login on 127.0.0.1:9014
2026.03.20 19:41:46,760	WARNING	192	org.l2jmobius.gameserver.LoginServerThread	LoginServerThread: LoginServer not available, trying to reconnect...
2026.03.20 19:41:51,761	INFO	192	org.l2jmobius.gameserver.LoginServerThread	LoginServerThread: Connecting to login on 127.0.0.1:9014
2026.03.20 19:41:51,761	WARNING	192	org.l2jmobius.gameserver.LoginServerThread	LoginServerThread: LoginServer not available, trying to reconnect...
2026.03.20 19:41:56,762	INFO	192	org.l2jmobius.gameserver.LoginServerThread	LoginServerThread: Connecting to login on 127.0.0.1:9014
2026.03.20 19:41:56,762	WARNING	192	org.l2jmobius.gameserver.LoginServerThread	LoginServerThread: LoginServer not available, trying to reconnect...
2026.03.20 19:42:01,764	INFO	192	org.l2jmobius.gameserver.LoginServerThread	LoginServerThread: Connecting to login on 127.0.0.1:9014
2026.03.20 19:42:01,764	WARNING	192	org.l2jmobius.gameserver.LoginServerThread	LoginServerThread: LoginServer not available, trying to reconnect...
2026.03.20 19:42:06,767	INFO	192	org.l2jmobius.gameserver.LoginServerThread	LoginServerThread: Connecting to login on 127.0.0.1:9014
2026.03.20 19:42:06,768	WARNING	192	org.l2jmobius.gameserver.LoginServerThread	LoginServerThread: LoginServer not available, trying to reconnect...
2026.03.20 19:42:11,769	INFO	192	org.l2jmobius.gameserver.LoginServerThread	LoginServerThread: Connecting to login on 127.0.0.1:9014
2026.03.20 19:42:11,770	WARNING	192	org.l2jmobius.gameserver.LoginServerThread	LoginServerThread: LoginServer not available, trying to reconnect...
2026.03.20 19:42:16,771	INFO	192	org.l2jmobius.gameserver.LoginServerThread	LoginServerThread: Connecting to login on 127.0.0.1:9014
2026.03.20 19:42:16,771	WARNING	192	org.l2jmobius.gameserver.LoginServerThread	LoginServerThread: LoginServer not available, trying to reconnect...
2026.03.20 19:42:21,773	INFO	192	org.l2jmobius.gameserver.LoginServerThread	LoginServerThread: Connecting to login on 127.0.0.1:9014
2026.03.20 19:42:21,775	WARNING	192	org.l2jmobius.gameserver.LoginServerThread	LoginServerThread: LoginServer not available, trying to reconnect...
2026.03.20 19:42:26,776	INFO	192	org.l2jmobius.gameserver.LoginServerThread	LoginServerThread: Connecting to login on 127.0.0.1:9014
2026.03.20 19:42:26,776	WARNING	192	org.l2jmobius.gameserver.LoginServerThread	LoginServerThread: LoginServer not available, trying to reconnect...
2026.03.20 19:42:31,778	INFO	192	org.l2jmobius.gameserver.LoginServerThread	LoginServerThread: Connecting to login on 127.0.0.1:9014
2026.03.20 19:42:31,778	WARNING	192	org.l2jmobius.gameserver.LoginServerThread	LoginServerThread: LoginServer not available, trying to reconnect...
2026.03.20 19:42:36,779	INFO	192	org.l2jmobius.gameserver.LoginServerThread	LoginServerThread: Connecting to login on 127.0.0.1:9014
2026.03.20 19:42:36,780	WARNING	192	org.l2jmobius.gameserver.LoginServerThread	LoginServerThread: LoginServer not available, trying to reconnect...
2026.03.20 19:42:41,781	INFO	192	org.l2jmobius.gameserver.LoginServerThread	LoginServerThread: Connecting to login on 127.0.0.1:9014
2026.03.20 19:42:41,781	WARNING	192	org.l2jmobius.gameserver.LoginServerThread	LoginServerThread: LoginServer not available, trying to reconnect...
2026.03.20 19:42:46,782	INFO	192	org.l2jmobius.gameserver.LoginServerThread	LoginServerThread: Connecting to login on 127.0.0.1:9014
2026.03.20 19:42:46,782	WARNING	192	org.l2jmobius.gameserver.LoginServerThread	LoginServerThread: LoginServer not available, trying to reconnect...
2026.03.20 19:42:51,784	INFO	192	org.l2jmobius.gameserver.LoginServerThread	LoginServerThread: Connecting to login on 127.0.0.1:9014
2026.03.20 19:42:51,785	WARNING	192	org.l2jmobius.gameserver.LoginServerThread	LoginServerThread: LoginServer not available, trying to reconnect...
2026.03.20 19:42:56,785	INFO	192	org.l2jmobius.gameserver.LoginServerThread	LoginServerThread: Connecting to login on 127.0.0.1:9014
2026.03.20 19:42:56,785	WARNING	192	org.l2jmobius.gameserver.LoginServerThread	LoginServerThread: LoginServer not available, trying to reconnect...
2026.03.20 19:43:01,787	INFO	192	org.l2jmobius.gameserver.LoginServerThread	LoginServerThread: Connecting to login on 127.0.0.1:9014
2026.03.20 19:43:01,787	WARNING	192	org.l2jmobius.gameserver.LoginServerThread	LoginServerThread: LoginServer not available, trying to reconnect...
2026.03.20 19:43:06,789	INFO	192	org.l2jmobius.gameserver.LoginServerThread	LoginServerThread: Connecting to login on 127.0.0.1:9014
2026.03.20 19:43:06,790	WARNING	192	org.l2jmobius.gameserver.LoginServerThread	LoginServerThread: LoginServer not available, trying to reconnect...
2026.03.20 19:43:11,791	INFO	192	org.l2jmobius.gameserver.LoginServerThread	LoginServerThread: Connecting to login on 127.0.0.1:9014
2026.03.20 19:43:11,792	WARNING	192	org.l2jmobius.gameserver.LoginServerThread	LoginServerThread: LoginServer not available, trying to reconnect...
2026.03.20 19:43:16,793	INFO	192	org.l2jmobius.gameserver.LoginServerThread	LoginServerThread: Connecting to login on 127.0.0.1:9014
2026.03.20 19:43:16,793	WARNING	192	org.l2jmobius.gameserver.LoginServerThread	LoginServerThread: LoginServer not available, trying to reconnect...
2026.03.20 19:43:21,795	INFO	192	org.l2jmobius.gameserver.LoginServerThread	LoginServerThread: Connecting to login on 127.0.0.1:9014
2026.03.20 19:43:21,795	WARNING	192	org.l2jmobius.gameserver.LoginServerThread	LoginServerThread: LoginServer not available, trying to reconnect...
2026.03.20 19:43:26,797	INFO	192	org.l2jmobius.gameserver.LoginServerThread	LoginServerThread: Connecting to login on 127.0.0.1:9014
2026.03.20 19:43:26,797	WARNING	192	org.l2jmobius.gameserver.LoginServerThread	LoginServerThread: LoginServer not available, trying to reconnect...
2026.03.20 19:43:31,799	INFO	192	org.l2jmobius.gameserver.LoginServerThread	LoginServerThread: Connecting to login on 127.0.0.1:9014
2026.03.20 19:43:31,800	WARNING	192	org.l2jmobius.gameserver.LoginServerThread	LoginServerThread: LoginServer not available, trying to reconnect...
2026.03.20 19:43:36,800	INFO	192	org.l2jmobius.gameserver.LoginServerThread	LoginServerThread: Connecting to login on 127.0.0.1:9014
2026.03.20 19:43:36,801	WARNING	192	org.l2jmobius.gameserver.LoginServerThread	LoginServerThread: LoginServer not available, trying to reconnect...
2026.03.20 19:43:41,801	INFO	192	org.l2jmobius.gameserver.LoginServerThread	LoginServerThread: Connecting to login on 127.0.0.1:9014
2026.03.20 19:43:41,801	WARNING	192	org.l2jmobius.gameserver.LoginServerThread	LoginServerThread: LoginServer not available, trying to reconnect...
2026.03.20 19:43:46,803	INFO	192	org.l2jmobius.gameserver.LoginServerThread	LoginServerThread: Connecting to login on 127.0.0.1:9014
2026.03.20 19:43:46,803	WARNING	192	org.l2jmobius.gameserver.LoginServerThread	LoginServerThread: LoginServer not available, trying to reconnect...
2026.03.20 19:43:51,804	INFO	192	org.l2jmobius.gameserver.LoginServerThread	LoginServerThread: Connecting to login on 127.0.0.1:9014
2026.03.20 19:43:51,804	WARNING	192	org.l2jmobius.gameserver.LoginServerThread	LoginServerThread: LoginServer not available, trying to reconnect...
2026.03.20 19:43:56,806	INFO	192	org.l2jmobius.gameserver.LoginServerThread	LoginServerThread: Connecting to login on 127.0.0.1:9014
2026.03.20 19:43:56,807	WARNING	192	org.l2jmobius.gameserver.LoginServerThread	LoginServerThread: LoginServer not available, trying to reconnect...
2026.03.20 19:44:01,808	INFO	192	org.l2jmobius.gameserver.LoginServerThread	LoginServerThread: Connecting to login on 127.0.0.1:9014
2026.03.20 19:44:01,809	WARNING	192	org.l2jmobius.gameserver.LoginServerThread	LoginServerThread: LoginServer not available, trying to reconnect...
2026.03.20 19:44:06,809	INFO	192	org.l2jmobius.gameserver.LoginServerThread	LoginServerThread: Connecting to login on 127.0.0.1:9014
2026.03.20 19:44:06,810	WARNING	192	org.l2jmobius.gameserver.LoginServerThread	LoginServerThread: LoginServer not available, trying to reconnect...
2026.03.20 19:44:11,811	INFO	192	org.l2jmobius.gameserver.LoginServerThread	LoginServerThread: Connecting to login on 127.0.0.1:9014
2026.03.20 19:44:11,812	WARNING	192	org.l2jmobius.gameserver.LoginServerThread	LoginServerThread: LoginServer not available, trying to reconnect...
2026.03.20 19:44:16,812	INFO	192	org.l2jmobius.gameserver.LoginServerThread	LoginServerThread: Connecting to login on 127.0.0.1:9014
2026.03.20 19:44:16,812	WARNING	192	org.l2jmobius.gameserver.LoginServerThread	LoginServerThread: LoginServer not available, trying to reconnect...
2026.03.20 19:44:21,813	INFO	192	org.l2jmobius.gameserver.LoginServerThread	LoginServerThread: Connecting to login on 127.0.0.1:9014
2026.03.20 19:44:21,814	WARNING	192	org.l2jmobius.gameserver.LoginServerThread	LoginServerThread: LoginServer not available, trying to reconnect...
2026.03.20 19:44:26,815	INFO	192	org.l2jmobius.gameserver.LoginServerThread	LoginServerThread: Connecting to login on 127.0.0.1:9014
2026.03.20 19:44:26,816	WARNING	192	org.l2jmobius.gameserver.LoginServerThread	LoginServerThread: LoginServer not available, trying to reconnect...
2026.03.20 19:44:31,817	INFO	192	org.l2jmobius.gameserver.LoginServerThread	LoginServerThread: Connecting to login on 127.0.0.1:9014
2026.03.20 19:44:31,818	WARNING	192	org.l2jmobius.gameserver.LoginServerThread	LoginServerThread: LoginServer not available, trying to reconnect...
2026.03.20 19:44:36,820	INFO	192	org.l2jmobius.gameserver.LoginServerThread	LoginServerThread: Connecting to login on 127.0.0.1:9014
2026.03.20 19:44:36,821	WARNING	192	org.l2jmobius.gameserver.LoginServerThread	LoginServerThread: LoginServer not available, trying to reconnect...
2026.03.20 19:44:41,822	INFO	192	org.l2jmobius.gameserver.LoginServerThread	LoginServerThread: Connecting to login on 127.0.0.1:9014
2026.03.20 19:44:41,822	WARNING	192	org.l2jmobius.gameserver.LoginServerThread	LoginServerThread: LoginServer not available, trying to reconnect...
2026.03.20 19:44:46,824	INFO	192	org.l2jmobius.gameserver.LoginServerThread	LoginServerThread: Connecting to login on 127.0.0.1:9014
2026.03.20 19:44:46,824	WARNING	192	org.l2jmobius.gameserver.LoginServerThread	LoginServerThread: LoginServer not available, trying to reconnect...
2026.03.20 19:44:51,826	INFO	192	org.l2jmobius.gameserver.LoginServerThread	LoginServerThread: Connecting to login on 127.0.0.1:9014
2026.03.20 19:44:51,827	WARNING	192	org.l2jmobius.gameserver.LoginServerThread	LoginServerThread: LoginServer not available, trying to reconnect...
2026.03.20 19:44:56,829	INFO	192	org.l2jmobius.gameserver.LoginServerThread	LoginServerThread: Connecting to login on 127.0.0.1:9014
2026.03.20 19:44:56,830	WARNING	192	org.l2jmobius.gameserver.LoginServerThread	LoginServerThread: LoginServer not available, trying to reconnect...
2026.03.20 19:45:01,831	INFO	192	org.l2jmobius.gameserver.LoginServerThread	LoginServerThread: Connecting to login on 127.0.0.1:9014
2026.03.20 19:45:01,831	WARNING	192	org.l2jmobius.gameserver.LoginServerThread	LoginServerThread: LoginServer not available, trying to reconnect...
2026.03.20 19:45:06,833	INFO	192	org.l2jmobius.gameserver.LoginServerThread	LoginServerThread: Connecting to login on 127.0.0.1:9014
2026.03.20 19:45:06,833	WARNING	192	org.l2jmobius.gameserver.LoginServerThread	LoginServerThread: LoginServer not available, trying to reconnect...
2026.03.20 19:45:11,834	INFO	192	org.l2jmobius.gameserver.LoginServerThread	LoginServerThread: Connecting to login on 127.0.0.1:9014
2026.03.20 19:45:11,834	WARNING	192	org.l2jmobius.gameserver.LoginServerThread	LoginServerThread: LoginServer not available, trying to reconnect...
2026.03.20 19:45:16,836	INFO	192	org.l2jmobius.gameserver.LoginServerThread	LoginServerThread: Connecting to login on 127.0.0.1:9014
2026.03.20 19:45:16,836	WARNING	192	org.l2jmobius.gameserver.LoginServerThread	LoginServerThread: LoginServer not available, trying to reconnect...
2026.03.20 19:45:21,837	INFO	192	org.l2jmobius.gameserver.LoginServerThread	LoginServerThread: Connecting to login on 127.0.0.1:9014
2026.03.20 19:45:21,837	WARNING	192	org.l2jmobius.gameserver.LoginServerThread	LoginServerThread: LoginServer not available, trying to reconnect...
2026.03.20 19:45:26,838	INFO	192	org.l2jmobius.gameserver.LoginServerThread	LoginServerThread: Connecting to login on 127.0.0.1:9014
2026.03.20 19:45:26,838	WARNING	192	org.l2jmobius.gameserver.LoginServerThread	LoginServerThread: LoginServer not available, trying to reconnect...
2026.03.20 19:45:31,840	INFO	192	org.l2jmobius.gameserver.LoginServerThread	LoginServerThread: Connecting to login on 127.0.0.1:9014
2026.03.20 19:45:31,841	WARNING	192	org.l2jmobius.gameserver.LoginServerThread	LoginServerThread: LoginServer not available, trying to reconnect...
2026.03.20 19:45:36,841	INFO	192	org.l2jmobius.gameserver.LoginServerThread	LoginServerThread: Connecting to login on 127.0.0.1:9014
2026.03.20 19:45:36,841	WARNING	192	org.l2jmobius.gameserver.LoginServerThread	LoginServerThread: LoginServer not available, trying to reconnect...
2026.03.20 19:45:41,844	INFO	192	org.l2jmobius.gameserver.LoginServerThread	LoginServerThread: Connecting to login on 127.0.0.1:9014
2026.03.20 19:45:41,844	WARNING	192	org.l2jmobius.gameserver.LoginServerThread	LoginServerThread: LoginServer not available, trying to reconnect...
2026.03.20 19:45:46,845	INFO	192	org.l2jmobius.gameserver.LoginServerThread	LoginServerThread: Connecting to login on 127.0.0.1:9014
2026.03.20 19:45:46,845	WARNING	192	org.l2jmobius.gameserver.LoginServerThread	LoginServerThread: LoginServer not available, trying to reconnect...
2026.03.20 19:45:51,847	INFO	192	org.l2jmobius.gameserver.LoginServerThread	LoginServerThread: Connecting to login on 127.0.0.1:9014
2026.03.20 19:45:51,847	WARNING	192	org.l2jmobius.gameserver.LoginServerThread	LoginServerThread: LoginServer not available, trying to reconnect...
2026.03.20 19:45:56,849	INFO	192	org.l2jmobius.gameserver.LoginServerThread	LoginServerThread: Connecting to login on 127.0.0.1:9014
2026.03.20 19:45:56,849	WARNING	192	org.l2jmobius.gameserver.LoginServerThread	LoginServerThread: LoginServer not available, trying to reconnect...
2026.03.20 19:46:01,851	INFO	192	org.l2jmobius.gameserver.LoginServerThread	LoginServerThread: Connecting to login on 127.0.0.1:9014
2026.03.20 19:46:01,852	WARNING	192	org.l2jmobius.gameserver.LoginServerThread	LoginServerThread: LoginServer not available, trying to reconnect...
2026.03.20 19:46:06,853	INFO	192	org.l2jmobius.gameserver.LoginServerThread	LoginServerThread: Connecting to login on 127.0.0.1:9014
2026.03.20 19:46:06,853	WARNING	192	org.l2jmobius.gameserver.LoginServerThread	LoginServerThread: LoginServer not available, trying to reconnect...
2026.03.20 19:46:11,855	INFO	192	org.l2jmobius.gameserver.LoginServerThread	LoginServerThread: Connecting to login on 127.0.0.1:9014
2026.03.20 19:46:11,856	WARNING	192	org.l2jmobius.gameserver.LoginServerThread	LoginServerThread: LoginServer not available, trying to reconnect...
2026.03.20 19:46:16,858	INFO	192	org.l2jmobius.gameserver.LoginServerThread	LoginServerThread: Connecting to login on 127.0.0.1:9014
2026.03.20 19:46:16,859	WARNING	192	org.l2jmobius.gameserver.LoginServerThread	LoginServerThread: LoginServer not available, trying to reconnect...
2026.03.20 19:46:21,860	INFO	192	org.l2jmobius.gameserver.LoginServerThread	LoginServerThread: Connecting to login on 127.0.0.1:9014
2026.03.20 19:46:21,860	WARNING	192	org.l2jmobius.gameserver.LoginServerThread	LoginServerThread: LoginServer not available, trying to reconnect...
2026.03.20 19:46:26,862	INFO	192	org.l2jmobius.gameserver.LoginServerThread	LoginServerThread: Connecting to login on 127.0.0.1:9014
2026.03.20 19:46:26,862	WARNING	192	org.l2jmobius.gameserver.LoginServerThread	LoginServerThread: LoginServer not available, trying to reconnect...
2026.03.20 19:46:31,864	INFO	192	org.l2jmobius.gameserver.LoginServerThread	LoginServerThread: Connecting to login on 127.0.0.1:9014
2026.03.20 19:46:31,865	WARNING	192	org.l2jmobius.gameserver.LoginServerThread	LoginServerThread: LoginServer not available, trying to reconnect...
2026.03.20 19:46:36,866	INFO	192	org.l2jmobius.gameserver.LoginServerThread	LoginServerThread: Connecting to login on 127.0.0.1:9014
2026.03.20 19:46:36,866	WARNING	192	org.l2jmobius.gameserver.LoginServerThread	LoginServerThread: LoginServer not available, trying to reconnect...
2026.03.20 19:46:41,868	INFO	192	org.l2jmobius.gameserver.LoginServerThread	LoginServerThread: Connecting to login on 127.0.0.1:9014
2026.03.20 19:46:41,868	WARNING	192	org.l2jmobius.gameserver.LoginServerThread	LoginServerThread: LoginServer not available, trying to reconnect...
2026.03.20 19:46:46,869	INFO	192	org.l2jmobius.gameserver.LoginServerThread	LoginServerThread: Connecting to login on 127.0.0.1:9014
2026.03.20 19:46:46,870	WARNING	192	org.l2jmobius.gameserver.LoginServerThread	LoginServerThread: LoginServer not available, trying to reconnect...
2026.03.20 19:46:51,872	INFO	192	org.l2jmobius.gameserver.LoginServerThread	LoginServerThread: Connecting to login on 127.0.0.1:9014
2026.03.20 19:46:51,872	WARNING	192	org.l2jmobius.gameserver.LoginServerThread	LoginServerThread: LoginServer not available, trying to reconnect...
2026.03.20 19:46:56,873	INFO	192	org.l2jmobius.gameserver.LoginServerThread	LoginServerThread: Connecting to login on 127.0.0.1:9014
2026.03.20 19:46:56,874	WARNING	192	org.l2jmobius.gameserver.LoginServerThread	LoginServerThread: LoginServer not available, trying to reconnect...
2026.03.20 19:47:01,874	INFO	192	org.l2jmobius.gameserver.LoginServerThread	LoginServerThread: Connecting to login on 127.0.0.1:9014
2026.03.20 19:47:01,874	WARNING	192	org.l2jmobius.gameserver.LoginServerThread	LoginServerThread: LoginServer not available, trying to reconnect...
2026.03.20 19:47:06,876	INFO	192	org.l2jmobius.gameserver.LoginServerThread	LoginServerThread: Connecting to login on 127.0.0.1:9014
2026.03.20 19:47:06,876	WARNING	192	org.l2jmobius.gameserver.LoginServerThread	LoginServerThread: LoginServer not available, trying to reconnect...
2026.03.20 19:47:11,878	INFO	192	org.l2jmobius.gameserver.LoginServerThread	LoginServerThread: Connecting to login on 127.0.0.1:9014
2026.03.20 19:47:11,878	WARNING	192	org.l2jmobius.gameserver.LoginServerThread	LoginServerThread: LoginServer not available, trying to reconnect...
2026.03.20 19:47:16,879	INFO	192	org.l2jmobius.gameserver.LoginServerThread	LoginServerThread: Connecting to login on 127.0.0.1:9014
2026.03.20 19:47:16,880	WARNING	192	org.l2jmobius.gameserver.LoginServerThread	LoginServerThread: LoginServer not available, trying to reconnect...
2026.03.20 19:47:21,881	INFO	192	org.l2jmobius.gameserver.LoginServerThread	LoginServerThread: Connecting to login on 127.0.0.1:9014
2026.03.20 19:47:21,881	WARNING	192	org.l2jmobius.gameserver.LoginServerThread	LoginServerThread: LoginServer not available, trying to reconnect...
2026.03.20 19:47:26,882	INFO	192	org.l2jmobius.gameserver.LoginServerThread	LoginServerThread: Connecting to login on 127.0.0.1:9014
2026.03.20 19:47:26,882	WARNING	192	org.l2jmobius.gameserver.LoginServerThread	LoginServerThread: LoginServer not available, trying to reconnect...
2026.03.20 19:47:31,884	INFO	192	org.l2jmobius.gameserver.LoginServerThread	LoginServerThread: Connecting to login on 127.0.0.1:9014
2026.03.20 19:47:31,885	WARNING	192	org.l2jmobius.gameserver.LoginServerThread	LoginServerThread: LoginServer not available, trying to reconnect...
2026.03.20 19:47:36,886	INFO	192	org.l2jmobius.gameserver.LoginServerThread	LoginServerThread: Connecting to login on 127.0.0.1:9014
2026.03.20 19:47:36,887	WARNING	192	org.l2jmobius.gameserver.LoginServerThread	LoginServerThread: LoginServer not available, trying to reconnect...
2026.03.20 19:47:41,888	INFO	192	org.l2jmobius.gameserver.LoginServerThread	LoginServerThread: Connecting to login on 127.0.0.1:9014
2026.03.20 19:47:41,889	WARNING	192	org.l2jmobius.gameserver.LoginServerThread	LoginServerThread: LoginServer not available, trying to reconnect...
2026.03.20 19:47:46,891	INFO	192	org.l2jmobius.gameserver.LoginServerThread	LoginServerThread: Connecting to login on 127.0.0.1:9014
2026.03.20 19:47:46,891	WARNING	192	org.l2jmobius.gameserver.LoginServerThread	LoginServerThread: LoginServer not available, trying to reconnect...
2026.03.20 19:47:51,894	INFO	192	org.l2jmobius.gameserver.LoginServerThread	LoginServerThread: Connecting to login on 127.0.0.1:9014
2026.03.20 19:47:51,894	WARNING	192	org.l2jmobius.gameserver.LoginServerThread	LoginServerThread: LoginServer not available, trying to reconnect...
2026.03.20 19:47:56,895	INFO	192	org.l2jmobius.gameserver.LoginServerThread	LoginServerThread: Connecting to login on 127.0.0.1:9014
2026.03.20 19:47:56,896	WARNING	192	org.l2jmobius.gameserver.LoginServerThread	LoginServerThread: LoginServer not available, trying to reconnect...
2026.03.20 19:48:01,897	INFO	192	org.l2jmobius.gameserver.LoginServerThread	LoginServerThread: Connecting to login on 127.0.0.1:9014
2026.03.20 19:48:01,897	WARNING	192	org.l2jmobius.gameserver.LoginServerThread	LoginServerThread: LoginServer not available, trying to reconnect...
2026.03.20 19:48:03,796	INFO	119	org.l2jmobius.gameserver.managers.GlobalVariablesManager	GlobalVariablesManager: Stored 16 variables.
2026.03.20 19:48:03,797	INFO	119	org.l2jmobius.gameserver.managers.DailyResetManager	Olympiad System: Data updated.
2026.03.20 19:48:03,802	INFO	119	org.l2jmobius.gameserver.managers.DailyResetManager	SevenSigns: Data updated.
2026.03.20 19:48:06,898	INFO	192	org.l2jmobius.gameserver.LoginServerThread	LoginServerThread: Connecting to login on 127.0.0.1:9014
2026.03.20 19:48:06,898	WARNING	192	org.l2jmobius.gameserver.LoginServerThread	LoginServerThread: LoginServer not available, trying to reconnect...
2026.03.20 19:48:11,900	INFO	192	org.l2jmobius.gameserver.LoginServerThread	LoginServerThread: Connecting to login on 127.0.0.1:9014
2026.03.20 19:48:11,900	WARNING	192	org.l2jmobius.gameserver.LoginServerThread	LoginServerThread: LoginServer not available, trying to reconnect...
2026.03.20 19:48:16,902	INFO	192	org.l2jmobius.gameserver.LoginServerThread	LoginServerThread: Connecting to login on 127.0.0.1:9014
2026.03.20 19:48:16,902	WARNING	192	org.l2jmobius.gameserver.LoginServerThread	LoginServerThread: LoginServer not available, trying to reconnect...
2026.03.20 19:48:21,903	INFO	192	org.l2jmobius.gameserver.LoginServerThread	LoginServerThread: Connecting to login on 127.0.0.1:9014
2026.03.20 19:48:21,903	WARNING	192	org.l2jmobius.gameserver.LoginServerThread	LoginServerThread: LoginServer not available, trying to reconnect...
2026.03.20 19:48:26,905	INFO	192	org.l2jmobius.gameserver.LoginServerThread	LoginServerThread: Connecting to login on 127.0.0.1:9014
2026.03.20 19:48:26,905	WARNING	192	org.l2jmobius.gameserver.LoginServerThread	LoginServerThread: LoginServer not available, trying to reconnect...
2026.03.20 19:48:31,906	INFO	192	org.l2jmobius.gameserver.LoginServerThread	LoginServerThread: Connecting to login on 127.0.0.1:9014
2026.03.20 19:48:31,907	WARNING	192	org.l2jmobius.gameserver.LoginServerThread	LoginServerThread: LoginServer not available, trying to reconnect...
2026.03.20 19:48:36,908	INFO	192	org.l2jmobius.gameserver.LoginServerThread	LoginServerThread: Connecting to login on 127.0.0.1:9014
2026.03.20 19:48:36,908	WARNING	192	org.l2jmobius.gameserver.LoginServerThread	LoginServerThread: LoginServer not available, trying to reconnect...
2026.03.20 19:48:41,910	INFO	192	org.l2jmobius.gameserver.LoginServerThread	LoginServerThread: Connecting to login on 127.0.0.1:9014
2026.03.20 19:48:41,910	WARNING	192	org.l2jmobius.gameserver.LoginServerThread	LoginServerThread: LoginServer not available, trying to reconnect...
2026.03.20 19:48:46,912	INFO	192	org.l2jmobius.gameserver.LoginServerThread	LoginServerThread: Connecting to login on 127.0.0.1:9014
2026.03.20 19:48:46,912	WARNING	192	org.l2jmobius.gameserver.LoginServerThread	LoginServerThread: LoginServer not available, trying to reconnect...
2026.03.20 19:48:51,915	INFO	192	org.l2jmobius.gameserver.LoginServerThread	LoginServerThread: Connecting to login on 127.0.0.1:9014
2026.03.20 19:48:51,915	WARNING	192	org.l2jmobius.gameserver.LoginServerThread	LoginServerThread: LoginServer not available, trying to reconnect...
2026.03.20 19:48:56,917	INFO	192	org.l2jmobius.gameserver.LoginServerThread	LoginServerThread: Connecting to login on 127.0.0.1:9014
2026.03.20 19:48:56,918	WARNING	192	org.l2jmobius.gameserver.LoginServerThread	LoginServerThread: LoginServer not available, trying to reconnect...
2026.03.20 19:49:01,918	INFO	192	org.l2jmobius.gameserver.LoginServerThread	LoginServerThread: Connecting to login on 127.0.0.1:9014
2026.03.20 19:49:01,918	WARNING	192	org.l2jmobius.gameserver.LoginServerThread	LoginServerThread: LoginServer not available, trying to reconnect...
2026.03.20 19:49:06,919	INFO	192	org.l2jmobius.gameserver.LoginServerThread	LoginServerThread: Connecting to login on 127.0.0.1:9014
2026.03.20 19:49:06,921	WARNING	192	org.l2jmobius.gameserver.LoginServerThread	LoginServerThread: LoginServer not available, trying to reconnect...
2026.03.20 19:49:11,922	INFO	192	org.l2jmobius.gameserver.LoginServerThread	LoginServerThread: Connecting to login on 127.0.0.1:9014
2026.03.20 19:49:11,923	WARNING	192	org.l2jmobius.gameserver.LoginServerThread	LoginServerThread: LoginServer not available, trying to reconnect...
2026.03.20 19:49:16,924	INFO	192	org.l2jmobius.gameserver.LoginServerThread	LoginServerThread: Connecting to login on 127.0.0.1:9014
2026.03.20 19:49:16,925	WARNING	192	org.l2jmobius.gameserver.LoginServerThread	LoginServerThread: LoginServer not available, trying to reconnect...
2026.03.20 19:49:21,926	INFO	192	org.l2jmobius.gameserver.LoginServerThread	LoginServerThread: Connecting to login on 127.0.0.1:9014
2026.03.20 19:49:21,926	WARNING	192	org.l2jmobius.gameserver.LoginServerThread	LoginServerThread: LoginServer not available, trying to reconnect...
2026.03.20 19:49:26,927	INFO	192	org.l2jmobius.gameserver.LoginServerThread	LoginServerThread: Connecting to login on 127.0.0.1:9014
2026.03.20 19:49:26,927	WARNING	192	org.l2jmobius.gameserver.LoginServerThread	LoginServerThread: LoginServer not available, trying to reconnect...
2026.03.20 19:49:31,929	INFO	192	org.l2jmobius.gameserver.LoginServerThread	LoginServerThread: Connecting to login on 127.0.0.1:9014
2026.03.20 19:49:31,929	WARNING	192	org.l2jmobius.gameserver.LoginServerThread	LoginServerThread: LoginServer not available, trying to reconnect...
2026.03.20 19:49:36,931	INFO	192	org.l2jmobius.gameserver.LoginServerThread	LoginServerThread: Connecting to login on 127.0.0.1:9014
2026.03.20 19:49:36,932	WARNING	192	org.l2jmobius.gameserver.LoginServerThread	LoginServerThread: LoginServer not available, trying to reconnect...
2026.03.20 19:49:41,933	INFO	192	org.l2jmobius.gameserver.LoginServerThread	LoginServerThread: Connecting to login on 127.0.0.1:9014
2026.03.20 19:49:41,934	WARNING	192	org.l2jmobius.gameserver.LoginServerThread	LoginServerThread: LoginServer not available, trying to reconnect...
2026.03.20 19:49:46,936	INFO	192	org.l2jmobius.gameserver.LoginServerThread	LoginServerThread: Connecting to login on 127.0.0.1:9014
2026.03.20 19:49:46,937	WARNING	192	org.l2jmobius.gameserver.LoginServerThread	LoginServerThread: LoginServer not available, trying to reconnect...
2026.03.20 19:49:51,938	INFO	192	org.l2jmobius.gameserver.LoginServerThread	LoginServerThread: Connecting to login on 127.0.0.1:9014
2026.03.20 19:49:51,938	WARNING	192	org.l2jmobius.gameserver.LoginServerThread	LoginServerThread: LoginServer not available, trying to reconnect...
2026.03.20 19:49:56,939	INFO	192	org.l2jmobius.gameserver.LoginServerThread	LoginServerThread: Connecting to login on 127.0.0.1:9014
2026.03.20 19:49:56,939	WARNING	192	org.l2jmobius.gameserver.LoginServerThread	LoginServerThread: LoginServer not available, trying to reconnect...
2026.03.20 19:50:01,942	INFO	192	org.l2jmobius.gameserver.LoginServerThread	LoginServerThread: Connecting to login on 127.0.0.1:9014
2026.03.20 19:50:01,942	WARNING	192	org.l2jmobius.gameserver.LoginServerThread	LoginServerThread: LoginServer not available, trying to reconnect...
2026.03.20 19:50:06,943	INFO	192	org.l2jmobius.gameserver.LoginServerThread	LoginServerThread: Connecting to login on 127.0.0.1:9014
2026.03.20 19:50:06,944	WARNING	192	org.l2jmobius.gameserver.LoginServerThread	LoginServerThread: LoginServer not available, trying to reconnect...
2026.03.20 19:50:11,945	INFO	192	org.l2jmobius.gameserver.LoginServerThread	LoginServerThread: Connecting to login on 127.0.0.1:9014
2026.03.20 19:50:11,946	WARNING	192	org.l2jmobius.gameserver.LoginServerThread	LoginServerThread: LoginServer not available, trying to reconnect...
2026.03.20 19:50:16,947	INFO	192	org.l2jmobius.gameserver.LoginServerThread	LoginServerThread: Connecting to login on 127.0.0.1:9014
2026.03.20 19:50:16,948	WARNING	192	org.l2jmobius.gameserver.LoginServerThread	LoginServerThread: LoginServer not available, trying to reconnect...
2026.03.20 19:50:21,949	INFO	192	org.l2jmobius.gameserver.LoginServerThread	LoginServerThread: Connecting to login on 127.0.0.1:9014
2026.03.20 19:50:21,950	WARNING	192	org.l2jmobius.gameserver.LoginServerThread	LoginServerThread: LoginServer not available, trying to reconnect...
2026.03.20 19:50:26,951	INFO	192	org.l2jmobius.gameserver.LoginServerThread	LoginServerThread: Connecting to login on 127.0.0.1:9014
2026.03.20 19:50:26,952	WARNING	192	org.l2jmobius.gameserver.LoginServerThread	LoginServerThread: LoginServer not available, trying to reconnect...
2026.03.20 19:50:31,953	INFO	192	org.l2jmobius.gameserver.LoginServerThread	LoginServerThread: Connecting to login on 127.0.0.1:9014
2026.03.20 19:50:31,953	WARNING	192	org.l2jmobius.gameserver.LoginServerThread	LoginServerThread: LoginServer not available, trying to reconnect...
2026.03.20 19:50:36,955	INFO	192	org.l2jmobius.gameserver.LoginServerThread	LoginServerThread: Connecting to login on 127.0.0.1:9014
2026.03.20 19:50:36,956	WARNING	192	org.l2jmobius.gameserver.LoginServerThread	LoginServerThread: LoginServer not available, trying to reconnect...
2026.03.20 19:50:41,957	INFO	192	org.l2jmobius.gameserver.LoginServerThread	LoginServerThread: Connecting to login on 127.0.0.1:9014
2026.03.20 19:50:41,957	WARNING	192	org.l2jmobius.gameserver.LoginServerThread	LoginServerThread: LoginServer not available, trying to reconnect...
2026.03.20 19:50:46,959	INFO	192	org.l2jmobius.gameserver.LoginServerThread	LoginServerThread: Connecting to login on 127.0.0.1:9014
2026.03.20 19:50:46,959	WARNING	192	org.l2jmobius.gameserver.LoginServerThread	LoginServerThread: LoginServer not available, trying to reconnect...
2026.03.20 19:50:51,960	INFO	192	org.l2jmobius.gameserver.LoginServerThread	LoginServerThread: Connecting to login on 127.0.0.1:9014
2026.03.20 19:50:51,960	WARNING	192	org.l2jmobius.gameserver.LoginServerThread	LoginServerThread: LoginServer not available, trying to reconnect...
2026.03.20 19:50:56,962	INFO	192	org.l2jmobius.gameserver.LoginServerThread	LoginServerThread: Connecting to login on 127.0.0.1:9014
2026.03.20 19:50:56,962	WARNING	192	org.l2jmobius.gameserver.LoginServerThread	LoginServerThread: LoginServer not available, trying to reconnect...
2026.03.20 19:51:01,963	INFO	192	org.l2jmobius.gameserver.LoginServerThread	LoginServerThread: Connecting to login on 127.0.0.1:9014
2026.03.20 19:51:01,965	WARNING	192	org.l2jmobius.gameserver.LoginServerThread	LoginServerThread: LoginServer not available, trying to reconnect...
2026.03.20 19:51:06,965	INFO	192	org.l2jmobius.gameserver.LoginServerThread	LoginServerThread: Connecting to login on 127.0.0.1:9014
2026.03.20 19:51:06,966	WARNING	192	org.l2jmobius.gameserver.LoginServerThread	LoginServerThread: LoginServer not available, trying to reconnect...
2026.03.20 19:51:11,968	INFO	192	org.l2jmobius.gameserver.LoginServerThread	LoginServerThread: Connecting to login on 127.0.0.1:9014
2026.03.20 19:51:11,968	WARNING	192	org.l2jmobius.gameserver.LoginServerThread	LoginServerThread: LoginServer not available, trying to reconnect...
2026.03.20 19:51:16,969	INFO	192	org.l2jmobius.gameserver.LoginServerThread	LoginServerThread: Connecting to login on 127.0.0.1:9014
2026.03.20 19:51:16,970	WARNING	192	org.l2jmobius.gameserver.LoginServerThread	LoginServerThread: LoginServer not available, trying to reconnect...
2026.03.20 19:51:21,973	INFO	192	org.l2jmobius.gameserver.LoginServerThread	LoginServerThread: Connecting to login on 127.0.0.1:9014
2026.03.20 19:51:21,973	WARNING	192	org.l2jmobius.gameserver.LoginServerThread	LoginServerThread: LoginServer not available, trying to reconnect...
2026.03.20 19:51:26,974	INFO	192	org.l2jmobius.gameserver.LoginServerThread	LoginServerThread: Connecting to login on 127.0.0.1:9014
2026.03.20 19:51:26,974	WARNING	192	org.l2jmobius.gameserver.LoginServerThread	LoginServerThread: LoginServer not available, trying to reconnect...
2026.03.20 19:51:31,976	INFO	192	org.l2jmobius.gameserver.LoginServerThread	LoginServerThread: Connecting to login on 127.0.0.1:9014
2026.03.20 19:51:31,976	WARNING	192	org.l2jmobius.gameserver.LoginServerThread	LoginServerThread: LoginServer not available, trying to reconnect...
2026.03.20 19:51:36,977	INFO	192	org.l2jmobius.gameserver.LoginServerThread	LoginServerThread: Connecting to login on 127.0.0.1:9014
2026.03.20 19:51:36,977	WARNING	192	org.l2jmobius.gameserver.LoginServerThread	LoginServerThread: LoginServer not available, trying to reconnect...
2026.03.20 19:51:41,979	INFO	192	org.l2jmobius.gameserver.LoginServerThread	LoginServerThread: Connecting to login on 127.0.0.1:9014
2026.03.20 19:51:41,979	WARNING	192	org.l2jmobius.gameserver.LoginServerThread	LoginServerThread: LoginServer not available, trying to reconnect...
2026.03.20 19:51:46,980	INFO	192	org.l2jmobius.gameserver.LoginServerThread	LoginServerThread: Connecting to login on 127.0.0.1:9014
2026.03.20 19:51:46,980	WARNING	192	org.l2jmobius.gameserver.LoginServerThread	LoginServerThread: LoginServer not available, trying to reconnect...
2026.03.20 19:51:51,981	INFO	192	org.l2jmobius.gameserver.LoginServerThread	LoginServerThread: Connecting to login on 127.0.0.1:9014
2026.03.20 19:51:51,981	WARNING	192	org.l2jmobius.gameserver.LoginServerThread	LoginServerThread: LoginServer not available, trying to reconnect...
2026.03.20 19:51:56,982	INFO	192	org.l2jmobius.gameserver.LoginServerThread	LoginServerThread: Connecting to login on 127.0.0.1:9014
2026.03.20 19:51:56,982	WARNING	192	org.l2jmobius.gameserver.LoginServerThread	LoginServerThread: LoginServer not available, trying to reconnect...
2026.03.20 19:52:01,984	INFO	192	org.l2jmobius.gameserver.LoginServerThread	LoginServerThread: Connecting to login on 127.0.0.1:9014
2026.03.20 19:52:01,985	WARNING	192	org.l2jmobius.gameserver.LoginServerThread	LoginServerThread: LoginServer not available, trying to reconnect...
2026.03.20 19:52:06,986	INFO	192	org.l2jmobius.gameserver.LoginServerThread	LoginServerThread: Connecting to login on 127.0.0.1:9014
2026.03.20 19:52:06,986	WARNING	192	org.l2jmobius.gameserver.LoginServerThread	LoginServerThread: LoginServer not available, trying to reconnect...
2026.03.20 19:52:11,988	INFO	192	org.l2jmobius.gameserver.LoginServerThread	LoginServerThread: Connecting to login on 127.0.0.1:9014
2026.03.20 19:52:11,988	WARNING	192	org.l2jmobius.gameserver.LoginServerThread	LoginServerThread: LoginServer not available, trying to reconnect...
2026.03.20 19:52:16,990	INFO	192	org.l2jmobius.gameserver.LoginServerThread	LoginServerThread: Connecting to login on 127.0.0.1:9014
2026.03.20 19:52:16,990	WARNING	192	org.l2jmobius.gameserver.LoginServerThread	LoginServerThread: LoginServer not available, trying to reconnect...
2026.03.20 19:52:21,992	INFO	192	org.l2jmobius.gameserver.LoginServerThread	LoginServerThread: Connecting to login on 127.0.0.1:9014
2026.03.20 19:52:21,993	WARNING	192	org.l2jmobius.gameserver.LoginServerThread	LoginServerThread: LoginServer not available, trying to reconnect...
2026.03.20 19:52:26,995	INFO	192	org.l2jmobius.gameserver.LoginServerThread	LoginServerThread: Connecting to login on 127.0.0.1:9014
2026.03.20 19:52:26,996	WARNING	192	org.l2jmobius.gameserver.LoginServerThread	LoginServerThread: LoginServer not available, trying to reconnect...
2026.03.20 19:52:31,233	INFO	185	org.l2jmobius.gameserver.Shutdown	All players disconnected and saved(0ms).
2026.03.20 19:52:31,233	INFO	185	org.l2jmobius.gameserver.Shutdown	Game Time Task Manager: Thread interruped(1ms).
2026.03.20 19:52:31,233	INFO	185	org.l2jmobius.commons.threads.ThreadPool	ThreadPool: Shutting down all thread pools.
2026.03.20 19:52:31,239	INFO	185	org.l2jmobius.gameserver.Shutdown	Thread Pool Manager: Manager has been shut down(6ms).
2026.03.20 19:52:31,239	INFO	185	org.l2jmobius.gameserver.Shutdown	Login Server Thread: Thread interruped(0ms).
2026.03.20 19:52:31,239	INFO	185	org.l2jmobius.gameserver.Shutdown	SIGTERM received. Shutting down NOW!
2026.03.20 19:52:31,242	INFO	185	org.l2jmobius.gameserver.Shutdown	SevenSignsFestival: Festival data saved(3ms).
2026.03.20 19:52:31,242	INFO	185	org.l2jmobius.gameserver.Shutdown	SevenSigns: Seven Signs data saved(0ms).
2026.03.20 19:52:31,245	INFO	185	org.l2jmobius.gameserver.Shutdown	SevenSigns: Seven Signs status saved(2ms).
2026.03.20 19:52:31,306	INFO	185	org.l2jmobius.gameserver.Shutdown	RaidBossSpawnManager: All raidboss info saved(61ms).
2026.03.20 19:52:31,310	INFO	185	org.l2jmobius.gameserver.Shutdown	GrandBossManager: All Grand Boss info saved(5ms).
2026.03.20 19:52:31,310	INFO	185	org.l2jmobius.gameserver.Shutdown	Item Auction Manager: All tasks stopped(0ms).
2026.03.20 19:52:31,311	INFO	185	org.l2jmobius.gameserver.Shutdown	Olympiad System: Data saved(1ms).
2026.03.20 19:52:31,313	INFO	185	org.l2jmobius.gameserver.Shutdown	Hero System: Data saved(2ms).
2026.03.20 19:52:31,313	INFO	185	org.l2jmobius.gameserver.Shutdown	Clan System: Data saved(0ms).
2026.03.20 19:52:31,313	INFO	185	org.l2jmobius.gameserver.Shutdown	Cursed Weapons Manager: Data saved(0ms).
2026.03.20 19:52:31,317	INFO	185	org.l2jmobius.gameserver.Shutdown	Castle Manor Manager: Data saved(4ms).
2026.03.20 19:52:31,317	CONFIG	185	conquerablehalls.FortressOfTheDead.FortressOfTheDead	FortressOfTheDead: Successfully saved attackers to database.
2026.03.20 19:52:31,317	CONFIG	185	conquerablehalls.DevastatedCastle.DevastatedCastle	DevastatedCastle: Successfully saved attackers to database.
2026.03.20 19:52:31,317	CONFIG	185	conquerablehalls.BanditStronghold.BanditStronghold	BanditStronghold: Successfully saved attackers to database.
2026.03.20 19:52:31,317	CONFIG	185	conquerablehalls.FortressOfResistance.FortressOfResistance	FortressOfResistance: Successfully saved attackers to database.
2026.03.20 19:52:31,317	CONFIG	185	conquerablehalls.RainbowSpringsChateau.RainbowSpringsChateau	RainbowSpringsChateau: Successfully saved attackers to database.
2026.03.20 19:52:31,317	CONFIG	185	conquerablehalls.WildBeastReserve.WildBeastReserve	WildBeastReserve: Successfully saved attackers to database.
2026.03.20 19:52:31,317	INFO	185	org.l2jmobius.gameserver.Shutdown	CHSiegeManager: Siegable hall attacker lists saved!
2026.03.20 19:52:31,317	INFO	185	org.l2jmobius.gameserver.Shutdown	Script Manager: Data saved(0ms).
